사업장명,업태구분명,영업상태명,도로명주소,지번주소,좌표정보(X),좌표정보(Y),전화번호,소재지우편번호
작은도시,까페,영업/정상,"서울특별시 종로구 혜화로 56, 지하1층 (혜화동)",서울특별시 종로구 혜화동 5-13 지하1층 ,199890.993958887    ,454244.36076761     ,,110-530
지커뮨홀,까페,영업/정상,"서울특별시 종로구 자하문로 76, 1층 (효자동)",서울특별시 종로구 효자동 60-6 ,197350.230443022    ,453382.520628562    ,,110-033
시애틀 커피 하우스,까페,영업/정상,"서울특별시 종로구 종로 125, 1층 (종로3가)",서울특별시 종로구 종로3가 18 1층 ,199183.407469454    ,452042.97196024     ,,110-123
키햐아,까페,영업/정상,"서울특별시 종로구 창경궁로34길 18-4, 2층 (명륜2가)",서울특별시 종로구 명륜2가 20-1 ,200017.173956381    ,453554.674642303    ,,110-522
우지커피,까페,영업/정상,서울특별시 종로구 대학로 85 (연건동),서울특별시 종로구 연건동 72-2 ,200100.581572566    ,452947.100374044    ,,110-460
카페진선,까페,영업/정상,"서울특별시 종로구 삼청로 59, 지상1층 (팔판동)",서울특별시 종로구 팔판동 150 지상1층 ,198204.997480672    ,453231.694247751    ,,110-220
카페 사흘,까페,영업/정상,"서울특별시 종로구 혜화로 16-1 (혜화동,(1층))",서울특별시 종로구 혜화동 74-10 (1층) ,199944.928795585    ,453860.746328392    ,,110-530
모노커피,까페,영업/정상,"서울특별시 종로구 대학로11길 32 (명륜4가,1층)",서울특별시 종로구 명륜4가 77-2 1층 ,199929.415507773    ,453328.584287403    ,027657008,110-524
비비큐(BBQ) 안국점,까페,영업/정상,"서울특별시 종로구 창덕궁길 84 (원서동,(1층))",서울특별시 종로구 원서동 94 (1층) ,198994.692755164    ,453224.263909202    ,027378066,110-280
피유(PIU),까페,영업/정상,"서울특별시 종로구 자하문로7길 21, 1층 (체부동)",서울특별시 종로구 체부동 18-5 ,197329.054176722    ,452942.209288599    ,023956722,110-045
카페야미,까페,영업/정상,서울특별시 종로구 지봉로 57 (창신동),서울특별시 종로구 창신동 77-1 ,201294.738018519    ,452556.559735846    ,,110-838
엠엠티에이치 013(MMTH 013),까페,영업/정상,"서울특별시 종로구 종로5길 36, 지상1층 (청진동)",서울특별시 종로구 청진동 17 지상1층 ,198213.106161443    ,452176.777356935    ,,110-130
서울 첫번째 전통찻집,까페,영업/정상,"서울특별시 종로구 종로 19, 지하1층 121호 (종로1가, 르메이에르 종로타운)",서울특별시 종로구 종로1가 24 르메이에르 종로타운  지하1층 121호 ,198150.300374121    ,452019.212642931    ,,110-121
양캠퍼 하우스,까페,영업/정상,"서울특별시 종로구 율곡로10길 27-13, 1층 (권농동)",서울특별시 종로구 권농동 171-6 ,199157.662492286    ,452612.49192722     ,,110-380
소문별관,까페,영업/정상,"서울특별시 종로구 새문안로3길 36 (내수동,용비어천가 B105호)",서울특별시 종로구 내수동 75 용비어천가 B105호 ,197567.747824202    ,452347.973860449    ,027205775,110-070
데저트 피자(desert Pizza),까페,영업/정상,"서울특별시 종로구 삼청로 75-1 (팔판동,2층)",서울특별시 종로구 팔판동 61-1 2층 ,198291.5063513      ,453321.56927938     ,027351797,110-220
미스터브리즈 커피,까페,영업/정상,"서울특별시 종로구 통일로14길 6-5, 1층 (무악동)",서울특별시 종로구 무악동 45-20 ,196252.181038758    ,452495.777777393    ,0262325004,110-813
1358,까페,영업/정상,"서울특별시 종로구 돈화문로8길 26, 1층 (묘동)",서울특별시 종로구 묘동 24-1 (지상1층) ,199227.498415724    ,452238.607668362    ,,110-370
써니,까페,영업/정상,"서울특별시 종로구 새문안로3길 36 (내수동,용비어천가 B110호)",서울특별시 종로구 내수동 75 용비어천가 B110호 ,197567.747824202    ,452347.973860449    ,027331895,110-070
하루,까페,영업/정상,"서울특별시 종로구 대학로 3, 2층 (효제동)",서울특별시 종로구 효제동 330 ,200083.007500899    ,452134.635932835    ,027639499,110-480
카페 레이서(CAFE RACER),까페,영업/정상,서울특별시 종로구 북촌로 53 (가회동),서울특별시 종로구 가회동 30-2 ,198580.733667314    ,453276.514323296    ,,110-260
리치하우스,까페,영업/정상,"서울특별시 종로구 수표로 96 (관수동,21-7,21-8 국일관그림팰리스)","서울특별시 종로구 관수동 20-0 21-7,21-8 국일관그림팰리스 ",199045.043602772    ,451939.677286976    ,,110-420
카페 통,까페,영업/정상,"서울특별시 종로구 돈화문로6나길 25, 1층 (봉익동)",서울특별시 종로구 봉익동 136 ,199303.949211195    ,452160.847076944    ,,110-390
메종드그루,까페,영업/정상,"서울특별시 종로구 효자로 37, 지상1층 (통의동)",서울특별시 종로구 통의동 1-1 지상1층 ,197605.092932247    ,452998.255021245    ,,110-040
크래프트카페(래경공방),까페,영업/정상,"서울특별시 종로구 북촌로 137, 1,2층 (삼청동)",서울특별시 종로구 삼청동 27-10 ,198425.702259254    ,453887.623325609    ,027222710,110-230
음악의숲,까페,영업/정상,"서울특별시 종로구 자하문로 39 (통인동,지하1층)",서울특별시 종로구 통인동 141-2 지하1층 ,197377.646438472    ,453030.561054384    ,,110-043
블루모스,까페,영업/정상,"서울특별시 종로구 자하문로26길 15 (궁정동,지상1~3층)",서울특별시 종로구 궁정동 3-6 지상1~3층 ,197463.050120398    ,453626.470994059    ,027383581,110-031
문경새재,까페,영업/정상,서울특별시 종로구 종로46길 5 (창신동),서울특별시 종로구 창신동 464-16 ,200900.729782712    ,452107.733476585    ,027636407,110-842
드디어커피 원남점,까페,영업/정상,"서울특별시 종로구 창경궁로 150, 1층 (원남동)",서울특별시 종로구 원남동 96-9 ,199717.412615969    ,452594.980541022    ,,110-450
Saju&Tea (사주앤티),까페,영업/정상,"서울특별시 종로구 대학로14길 10, 3층 (혜화동)",서울특별시 종로구 혜화동 190-1 3층 ,200131.154492792    ,453495.104505119    ,,110-530
카페 마지오(cafe maggio),까페,영업/정상,"서울특별시 종로구 종로5길 103 (수송동,지상1층)",서울특별시 종로구 수송동 133-2 지상1층 ,198055.601451341    ,452433.518873024    ,027323695,110-140
성북동 커피,까페,영업/정상,"서울특별시 종로구 종로 14, 12호 (서린동, 한국무역보험공사)",서울특별시 종로구 서린동 136 ,198062.887604585    ,451944.499629593    ,,110-110
마가리(MAGARI),까페,영업/정상,"서울특별시 종로구 대학로 52 (연건동,1층)",서울특별시 종로구 연건동 190-9 1층 ,200140.883358529    ,452606.023320068    ,027628689,110-460
바르도,까페,영업/정상,"서울특별시 종로구 세종대로23길 54 (당주동,세종빌딩 지하20호)",서울특별시 종로구 당주동 100 세종빌딩 지하20호 ,197573.030749573    ,452175.335781858    ,027330508,110-724
커피투어,까페,영업/정상,"서울특별시 종로구 사직로10길 12, 1층 (필운동)",서울특별시 종로구 필운동 278-6 ,197301.404342942    ,452567.161515383    ,,110-044
느티나무,까페,영업/정상,"서울특별시 종로구 경희궁길 9 (신문로2가,1층)",서울특별시 종로구 신문로2가 1-141 1층 ,197432.785842717    ,452104.764649334    ,027219813,110-062
공차 대학로마로니에점,까페,영업/정상,"서울특별시 종로구 대학로10길 20 (동숭동,지상 1층)",서울특별시 종로구 동숭동 1-104 지상 1층 ,200219.18121834     ,453256.571193375    ,027415461,110-809
니카이 야스미,까페,영업/정상,서울특별시 종로구 대명길 39-10 (명륜4가),서울특별시 종로구 명륜4가 173-2 ,199896.514077918    ,453357.586855699    ,,110-524
크리스탈,까페,영업/정상,"서울특별시 종로구 종로 19, 지하2층 209-2호 (종로1가, 르메이에르종로타운1)",서울특별시 종로구 종로1가 24 ,198150.300374121    ,452019.212642931    ,,110-121
콘크리트 팔레트,까페,영업/정상,서울특별시 종로구 대학로 125 (명륜4가),서울특별시 종로구 명륜4가 88-2 ,200063.294926942    ,453351.707371506    ,0207626516,110-524
카페 르 뮤즈,까페,영업/정상,"서울특별시 종로구 자하문로24길 52 (효자동,(1층))",서울특별시 종로구 효자동 43 (1층) ,197428.006298508    ,453288.141130858    ,027228819,110-033
우정,까페,영업/정상,"서울특별시 종로구 통일로 236-1 (무악동,지하1층)",서울특별시 종로구 무악동 46-1419 지하1층 ,,,027201603,110-813
커피스탑 광화문점,까페,영업/정상,"서울특별시 종로구 사직로8길 34, 지상1층 108호 (내수동, 경희궁아침3단지)",서울특별시 종로구 내수동 72 지상1층 108호,197465.223921125    ,452366.613899898    ,027229808,110-070
뉴라인 건축사사무소,까페,영업/정상,"서울특별시 종로구 필운대로 35, 지상1,2층 (누하동)","서울특별시 종로구 누하동 191 지상1,2층 ",197163.709910046    ,452996.752832218    ,027229663,110-806
부봉빌딩,까페,영업/정상,"서울특별시 종로구 종로 82-1 (종로2가,부봉빌딩지하1층)",서울특별시 종로구 종로2가 75-4 부봉빌딩지하1층 ,198751.053912826    ,451962.484078847    ,027225246,110-122
카페 4M(cafe 4M),까페,영업/정상,"서울특별시 종로구 북촌로5길 19-4 (안국동,1층, 2층)","서울특별시 종로구 안국동 1 1층, 2층 ",198504.890417586    ,452993.680609055    ,,110-240
나래카페,까페,영업/정상,"서울특별시 종로구 사직로 111-1, 1층 (내자동)",서울특별시 종로구 내자동 21-1 ,197379.970714412    ,452663.981772217    ,027326611,110-053
까페 더 메모리,까페,영업/정상,서울특별시 종로구 대학로11길 38-10 (명륜4가),서울특별시 종로구 명륜4가 70-10 ,199950.001228222    ,453346.458899252    ,0236729961,110-524
독립밀방 익선,까페,영업/정상,서울특별시 종로구 돈화문로11나길 30 (익선동),서울특별시 종로구 익선동 121 ,199072.896479496    ,452419.306529213    ,07088734003,110-340
로티보이 종로5가점,까페,영업/정상,"서울특별시 종로구 종로 193-1 (종로4가,(1,2층))","서울특별시 종로구 종로4가 9-6 (1,2층) ",199857.629343471    ,452086.049597792    ,,110-853
카페 이드라,까페,영업/정상,"서울특별시 종로구 윤보선길 18, 지하1,지상1층 (안국동)",서울특별시 종로구 안국동 82 ,198535.428375066    ,452738.239724946    ,,110-240
정사장,까페,영업/정상,"서울특별시 중구 퇴계로87길 26, 1층 (황학동)",서울특별시 중구 황학동 657-6 ,201797.660830372    ,451600.762128552    ,027306459,100-869
이트커피,까페,영업/정상,"서울특별시 중구 다산로 293, 지하2층 17호 (신당동, 디오트상가)",서울특별시 중구 신당동 193-2 디오트상가 지하2층 17호 ,201236.031514508    ,451872.409388295    ,0221178880,100-885
정지,까페,영업/정상,"서울특별시 중구 장충단로8길 45-13, 1층 (장충동1가)",서울특별시 중구 장충동1가 38-24 1층 ,200734.588277161    ,451159.002070281    ,024568670,100-391
버거홀릭 청계천점,까페,영업/정상,"서울특별시 중구 청계천로 400, 메가몰동 지하1층 B1086호 (황학동, 롯데캐슬베네치아)",서울특별시 중구 황학동 2545 롯데캐슬베네치아 메가몰동 지하1층 B1086 ,201823.908977364    ,452076.818664092    ,,100-440
뭉치치카페(mungchichi cafe),까페,영업/정상,"서울특별시 중구 남대문시장길 17, 1층 (남대문로4가)",서울특별시 중구 남대문로4가 20-2 1층 ,197892.118490513    ,450889.177120654    ,,100-094
로비라운지,까페,영업/정상,"서울특별시 중구 을지로 30, 1층 (소공동, 호텔롯데)",서울특별시 중구 소공동 1 호텔롯데 1층 ,198259.65357739     ,451392.198218657    ,027711000,100-070
카페 드 알티움(Caffe' de Artium),까페,영업/정상,"서울특별시 중구 을지로 168, 2층 (을지로4가)",서울특별시 중구 을지로4가 266-3 2층 ,,,,100-849
턴,까페,영업/정상,"서울특별시 중구 다동길 43 (다동,한외빌딩 지하1층101,102호)","서울특별시 중구 다동 70 한외빌딩 지하1층101,102호 ",198306.906186523    ,451770.331281519    ,023109929,100-180
에쎄레 젤라또,까페,영업/정상,"서울특별시 중구 명동길 74 (명동2가, 명동대성당 신관 지하1층)",서울특별시 중구 명동2가 1-1 명동대성당 신관 지하1층 ,198781.021275117    ,451197.800112897    ,,100-809
휴식,까페,영업/정상,"서울특별시 중구 다동길 43 (다동, 한외빌딩 1층 121호)",서울특별시 중구 다동 70 한외빌딩 1층 121호 ,198306.906186523    ,451770.331281519    ,,100-180
10 꼬르소꼬모 카페,까페,영업/정상,"서울특별시 중구 남대문로 73, 5층 (남대문로2가)",서울특별시 중구 남대문로2가 130 5층 ,198333.470885484    ,451313.412912492    ,0221186098,100-092
소금나무,까페,영업/정상,"서울특별시 중구 삼일대로 363 (장교동, 장교빌딩 7층 705호)",서울특별시 중구 장교동 1 장교빌딩 7층 705호 ,198744.433228989    ,451677.065126229    ,,100-760
벙커(BUNKER),까페,영업/정상,"서울특별시 중구 마른내로2길 6, 5층 (초동)",서울특별시 중구 초동 70-8 ,199257.113944113    ,451318.655196377    ,,100-300
몰타르,까페,영업/정상,"서울특별시 중구 남대문로5길 29, 1층 (북창동)",서울특별시 중구 북창동 93-33 1층 ,198067.902059782    ,451154.311970838    ,,100-080
신도시,까페,영업/정상,"서울특별시 중구 을지로11길 31 (수표동, 5층)",서울특별시 중구 수표동 11-2 5층 ,199111.950226012    ,451725.143004102    ,,100-230
E&B 인터내셔널,까페,영업/정상,"서울특별시 중구 마른내로12길 7-4, 101호 (충무로5가)",서울특별시 중구 충무로5가 22-5 101호,199995.946197698    ,451285.600689181    ,0222730020,100-015
커피앳웍스 센터원점,까페,영업/정상,"서울특별시 중구 을지로5길 26 (수하동,외 1필지 센터원빌딩 1층 (104호))",서울특별시 중구 수하동 67 외 1필지 센터원빌딩 1층 (104호) ,198620.934275413    ,451681.95803574     ,0260308975,100-210
컴셉템버,까페,영업/정상,"서울특별시 중구 소공로 46 (회현동2가,(쌍용남산플래티넘 101, 102호))","서울특별시 중구 회현동2가 87 (쌍용남산플래티넘 101, 102호) ",198447.629369307    ,450791.988371166    ,028160551,100-052
커피수공업,까페,영업/정상,"서울특별시 중구 삼일대로12길 16-6, 1층 (을지로2가)",서울특별시 중구 을지로2가 101-34 1층 ,198924.260724823    ,451587.47893685     ,,100-845
왕용 충무로,까페,영업/정상,"서울특별시 중구 퇴계로31길 29 (충무로3가, 지하1층)",서울특별시 중구 충무로3가 57-3 지하1층 ,199237.859130196    ,451136.460303062    ,0222668070,100-013
공차(GONG CHA),까페,영업/정상,"서울특별시 중구 퇴계로 77 (충무로1가, 신세계백화점신관 지하1층)",서울특별시 중구 충무로1가 54 신세계백화점신관 지하1층 ,198253.896034899    ,450905.28446798     ,027637939,100-011
갤러리카페 이음,까페,영업/정상,"서울특별시 중구 을지로27길 35, 1,2층 (주교동)",서울특별시 중구 주교동 106-2 ,199833.666717402    ,451787.626808869    ,,100-330
오슬로우 커피(OHSLOW),까페,영업/정상,"서울특별시 중구 을지로9길 14 (수표동, 1층)",서울특별시 중구 수표동 56-11 1층 ,198911.748645951    ,451618.046716067    ,,100-230
볼륨,까페,영업/정상,"서울특별시 중구 퇴계로88길 58-4, 지하1층 (신당동)",서울특별시 중구 신당동 145-10 ,201675.951291287    ,451261.800985561    ,,100-819
렛잇비 청계천,까페,영업/정상,"서울특별시 중구 세종대로 136, 지하2층 (태평로1가, 서울파이낸스센터 )",서울특별시 중구 태평로1가 84 ,197963.789217064    ,451793.816975812    ,023185129,100-101
폴바셋 페럼점,까페,영업/정상,"서울특별시 중구 을지로5길 19 (수하동,페럼타워 1층)",서울특별시 중구 수하동 66 페럼타워 1층 ,198516.189192966    ,451641.738076021    ,0263538991,100-210
(주)보나비 아티제 센터원점,까페,영업/정상,"서울특별시 중구 을지로5길 26 (수하동, 센터원점 지상1층)",서울특별시 중구 수하동 67 센터원점 지상1층 ,198620.934275413    ,451681.95803574     ,025721148,100-210
투썸플레이스 장충점,까페,영업/정상,"서울특별시 중구 장충단로 187, 1층 (장충동1가)",서울특별시 중구 장충동1가 57-9 ,200456.216353916    ,451031.079995917    ,,100-391
봉추찜닭 충무로점,까페,영업/정상,"서울특별시 중구 서애로 12-10 (충무로5가,지상1층)",서울특별시 중구 충무로5가 86-2 지상1층 ,199723.207359544    ,451021.834915584    ,,100-015
얼티즌,까페,영업/정상,"서울특별시 중구 필동로5길 7 (필동3가,별관(C동) 지상3층)",서울특별시 중구 필동3가 62-15 별관(C동) 지상3층 ,199597.820012911    ,450481.644152211    ,0222750923,100-273
카밀라,까페,영업/정상,"서울특별시 중구 새문안로 26, 청양빌딩 지하1층 (충정로1가)",서울특별시 중구 충정로1가 58-3 청양빌딩 지하1층 ,197174.591536243    ,451689.373973032    ,,100-954
루,까페,영업/정상,"서울특별시 중구 충무로 10-1, 2층 (충무로3가)",서울특별시 중구 충무로3가 38-22 2층 ,199338.899412674    ,451103.051643499    ,,100-013
로스트시티(Roast City),까페,영업/정상,"서울특별시 중구 서소문로 113 (서소문동, 대영빌딩 1층)",서울특별시 중구 서소문동 48-2 대영빌딩 1층 ,197590.751079069    ,451204.793161851    ,,100-813
이시이,까페,영업/정상,"서울특별시 중구 다산로14길 12, 1층 (신당동)",서울특별시 중구 신당동 347-339 1층 ,200997.224883974    ,450396.93408049     ,,100-826
카페 죠 샌드위치(Cafe Joe's Sandwich),까페,영업/정상,"서울특별시 중구 퇴계로 100, 지하1층 103호 (회현동2가, 스테이트타워)",서울특별시 중구 회현동2가 88 스테이트타워 지하1층 103호 ,198420.986981388    ,450877.874923561    ,0260205934,100-052
이디야,까페,영업/정상,서울특별시 중구 다산로35길 11 (신당동),서울특별시 중구 신당동 241-5 ,201239.507963268    ,451252.55771342     ,,100-823
동림씨씨,까페,영업/정상,"서울특별시 중구 장충단로8가길 1 (장충동1가,동림38빌딩 B102호)",서울특별시 중구 장충동1가 38-40 동림38빌딩 B102호 ,200642.830880737    ,451108.972431852    ,07081564704,100-391
슬링스톤,까페,영업/정상,"서울특별시 중구 퇴계로20길 73 (남산동2가,(1층2층))",서울특별시 중구 남산동2가 24-13 (1층2층) ,198782.498866844    ,450659.645740878    ,023187725,100-042
카페쉐어링(CAFE SHARING),까페,영업/정상,"서울특별시 중구 동호로17길 173, 2층 (신당동)",서울특별시 중구 신당동 432-612 2층 ,200320.130944755    ,449931.557552267    ,027345959,100-835
불꽃 라이브,까페,영업/정상,"서울특별시 중구 다산로12길 6 (신당동, 지하1층)",서울특별시 중구 신당동 369-23 지하1층 ,200957.31903244     ,450373.044047599    ,,100-841
1번지식당 약수,까페,영업/정상,"서울특별시 중구 동호로5길 12 (신당동, 지하1층)",서울특별시 중구 신당동 372-66 지하1층 ,200985.834270296    ,449992.717714962    ,,100-840
플레이스케이프,까페,영업/정상,"서울특별시 중구 을지로 264 (을지로6가, 롯데피트인 지하3층)",서울특별시 중구 을지로6가 21-31 롯데피트인 지하3층 ,200548.038848161    ,451497.626572161    ,0262624991,100-196
로리엔,까페,영업/정상,"서울특별시 중구 다산로 293, 2층 10호 (신당동, 디오트상가)",서울특별시 중구 신당동 193-2 디오트상가 2층 10호 ,201236.031514508    ,451872.409388295    ,0221178502,100-885
카자흐스탄레스토랑,까페,영업/정상,"서울특별시 중구 을지로40길 31 (광희동1가,(지상4층))",서울특별시 중구 광희동1가 76-2 (지상4층) ,200311.446754786    ,451444.569295677    ,,100-411
카카오그린 명동점,까페,영업/정상,"서울특별시 중구 명동8길 14, 3층 (명동2가)",서울특별시 중구 명동2가 51-3 3층 ,198561.881070383    ,451199.847888854    ,023363112,100-810
명동사주카페 신비안,까페,영업/정상,"서울특별시 중구 명동8가길 6, 3층 302호 (충무로2가)",서울특별시 중구 충무로2가 65-2 ,198641.187937746    ,451026.93001938     ,07042341148,100-861
써브웨이 약수역점,까페,영업/정상,"서울특별시 중구 다산로 153 (신당동,(1층))",서울특별시 중구 신당동 370-53 (1층) ,200975.910346095    ,450574.121653104    ,,100-893
숙희,까페,영업/정상,"서울특별시 중구 삼일대로12길 23, 2층 (수표동)",서울특별시 중구 수표동 56-22 지상2층 ,198978.330164914    ,451624.30327754     ,0222850666,100-230
에스프레소0039,까페,영업/정상,,서울특별시 중구 삼각동 38-9 1층 ,198570.178241636    ,451741.719741006    ,,100-200
NON커피숍,까페,영업/정상,"서울특별시 중구 퇴계로73길 51 (신당동,NON상가 (206, 207))","서울특별시 중구 신당동 199-17 NON상가 (206, 207) ",201122.367456393    ,451683.273043255    ,0222540240,100-822
카페인버스 두타점,까페,영업/정상,"서울특별시 중구 장충단로 275, 50호 (을지로6가, 두산타워 지하2층)",서울특별시 중구 을지로6가 18-12 두산타워 지하2층 50호,200703.625559248    ,451836.458256618    ,027493539,100-851
카페르뷰,까페,영업/정상,"서울특별시 중구 퇴계로 282, 1층 (쌍림동)",서울특별시 중구 쌍림동 151-9 1층 ,200213.989748637    ,451203.242858334    ,,100-400
뉴본,까페,영업/정상,"서울특별시 중구 동호로 186-3, 지하1층 (신당동)",서울특별시 중구 신당동 369-64 지하1층 ,200918.320331305    ,450275.399989343    ,,100-841
줄린스 주써리,까페,영업/정상,"서울특별시 중구 다동길 33, 1층 (다동)",서울특별시 중구 다동 58-1 1층 ,198264.78394422     ,451746.92183856     ,027772502,100-180
(주)조선호텔앤리조트 라운지&바,까페,영업/정상,"서울특별시 중구 소공로 106, 1층 (소공동, 조선호텔)",서울특별시 중구 소공동 87-1 조선호텔 1층 ,198172.151119488    ,451350.969223428    ,027710500,100-070
에이드립까페(A DRIP CAFE),까페,영업/정상,"서울특별시 중구 청구로 111 (신당동, 1층)",서울특별시 중구 신당동 397-1 1층 ,200841.727108932    ,451055.566373203    ,,100-833
푸드스토리705(Food Story 705),까페,영업/정상,"서울특별시 중구 장충단로7길 9-1, 1층 (장충동2가)",서울특별시 중구 장충동2가 83-6 1층 ,200441.243018978    ,451115.597912862    ,,100-855
카페우디 충무로점,까페,영업/정상,"서울특별시 중구 퇴계로27길 39, 1층 (충무로3가)",서울특별시 중구 충무로3가 24-7 ,199152.647943229    ,451185.591617215    ,,100-013
부스터커피(Booster coffee),까페,영업/정상,"서울특별시 중구 퇴계로14길 7 (회현동3가, 샴스빌딩 1층)",서울특별시 중구 회현동3가 9-1 샴스빌딩 1층 ,198493.064786756    ,450878.208263047    ,,100-053
소울,까페,영업/정상,"서울특별시 중구 동호로12길 7 (신당동, 3층)",서울특별시 중구 신당동 381-7 3층 ,200863.176814437    ,450392.597617414    ,0222326165,100-834
모나코,까페,영업/정상,"서울특별시 중구 남대문로1길 30 (북창동,(지하1층))",서울특별시 중구 북창동 71-2 (지하1층) ,197945.549281823    ,451122.468848517    ,,100-080
더치터치(dutch touch),까페,영업/정상,"서울특별시 중구 다산로42길 43-10, 1층 (신당동)",서울특별시 중구 신당동 121-37 ,201613.375147796    ,451380.792318876    ,,100-819
애플블러썸,까페,영업/정상,"서울특별시 중구 난계로 151, 1층 102호 (신당동, 신당아르브)",서울특별시 중구 신당동 160-5 신당아르브 1층 102호,201992.033568883    ,451410.211429535    ,025555845,100-820
반디살롱,까페,영업/정상,"서울특별시 중구 퇴계로90길 59, 1층 (신당동)",서울특별시 중구 신당동 165-45 1층 ,201856.229350031    ,451166.226181309    ,,100-821
(주)밀리미터밀리그람 명동점,까페,영업/정상,서울특별시 중구 명동8나길 24 (충무로1가),서울특별시 중구 충무로1가 22-7 ,198487.818910073    ,451020.851100897    ,0232101601,100-011
더진국 서울시청점,까페,영업/정상,"서울특별시 중구 을지로 지하 12, 시청광장지하쇼핑센터 지하1층 116호 (을지로1가)",서울특별시 중구 을지로1가 50-1 시청광장지하쇼핑센터 ,198107.575852401    ,451520.629505665    ,,100-842
산울림,까페,영업/정상,"서울특별시 중구 동호로 178 (신당동,(지상2층))",서울특별시 중구 신당동 373-64 (지상2층) ,200945.265627675    ,450226.825477041    ,0222345501,100-840
케이엠 트레이딩,까페,영업/정상,"서울특별시 중구 퇴계로 77 (충무로1가, 신세계백화점 신관 지하1층)",서울특별시 중구 충무로1가 54 신세계백화점 신관 지하1층 ,198253.896034899    ,450905.28446798     ,025175031,100-011
"카페퍼스트(Cafe, 1st)",까페,영업/정상,"서울특별시 중구 퇴계로14길 29, 그랜드 필드 103호 (남산동1가)",서울특별시 중구 남산동1가 16-6 그랜드 필드 103호,198515.571655819    ,450769.757511071    ,027521388,100-041
이디야커피(충무아트점),까페,영업/정상,"서울특별시 중구 퇴계로 381-1 (신당동,1층)",서울특별시 중구 신당동 249-69 1층 ,201167.369038428    ,451444.148282576    ,0222385369,100-889
10스퀘어남산,까페,영업/정상,"서울특별시 중구 소월로1길 8-12 (남창동, 1층 )",서울특별시 중구 남창동 220-3 1층 ,197882.554478136    ,450483.572177762    ,,100-806
매머드 익스프레스 충무로점,까페,영업/정상,서울특별시 중구 수표로 22 (충무로3가),서울특별시 중구 충무로3가 24-1 ,199089.796600316    ,451204.411258024    ,,100-013
삼호,까페,영업/정상,"서울특별시 중구 남대문로 20 (남대문로3가,(지상3층))",서울특별시 중구 남대문로3가 30-7 (지상3층) ,197977.904480598    ,450946.759938068    ,027798080,100-093
안도로메다,까페,영업/정상,"서울특별시 중구 명동8가길 53 (충무로2가,(2층))",서울특별시 중구 충무로2가 12-7 (2층) ,198877.823601669    ,451079.561839622    ,,100-860
플라비우스,까페,영업/정상,"서울특별시 중구 세종대로9길 42 (서소문동,(지하1층 4호))",서울특별시 중구 서소문동 120-23 (지하1층 4호) ,197614.608800998    ,451032.860087325    ,,100-814
래피소드 커피,까페,영업/정상,"서울특별시 중구 서소문로11길 14, 1층 (서소문동)",서울특별시 중구 서소문동 52-1 1층 ,197551.163224215    ,451244.60484492     ,,100-813
바로 파스타마켓,까페,영업/정상,서울특별시 중구 퇴계로 210-14 (필동2가),서울특별시 중구 필동2가 17-5 1층 ,199480.442797823    ,450937.774227793    ,,100-272
카페 마조앤새디 동대문역사문화공원점,까페,영업/정상,"서울특별시 중구 퇴계로 344 (광희동2가, 1층,2층)","서울특별시 중구 광희동2가 172 1층,2층 ",200785.686251461    ,451341.250379781    ,,100-412
kun cafe,까페,영업/정상,"서울특별시 중구 소공로 46, B103호 (회현동2가, 쌍용플래티넘 )",서울특별시 중구 회현동2가 87 ,198447.629369307    ,450791.988371166    ,,100-052
초선마라 약수점,까페,영업/정상,"서울특별시 중구 다산로 137-1 (신당동,지하1층)",서울특별시 중구 신당동 374-14 지하1층 ,200917.870359131    ,450434.24450108     ,,100-834
피카(FIKA),까페,영업/정상,"서울특별시 중구 남대문로 73 (남대문로2가,롯데백화점애비뉴엘 5층)",서울특별시 중구 남대문로2가 130 롯데백화점애비뉴엘 5층 ,198333.470885484    ,451313.412912492    ,,100-092
카페 일므디,까페,영업/정상,"서울특별시 중구 중림로 27 (중림동, 1층)",서울특별시 중구 중림동 149-2 1층 ,197036.542728288    ,450756.028376469    ,0263651904,100-858
남산문바 (Namsan moon bar),까페,영업/정상,"서울특별시 중구 장충단로 60 (장충동2가,(반얀트리 클럽앤스파 19층))",서울특별시 중구 장충동2가 산 5-5 (반얀트리 클럽앤스파 19층) ,200193.232424569    ,449809.744684888    ,,100-857
크리에이트(라송(주)제1지점),까페,영업/정상,"서울특별시 중구 을지로5길 26 (수하동,미래에셋센터원 지하1층 113호)",서울특별시 중구 수하동 67 미래에셋센터원 지하1층 113호 ,198620.934275413    ,451681.95803574     ,027691401,100-210
주식회사 정코퍼레이션 Hotel Douce 오뗄두스 광화문점,까페,영업/정상,"서울특별시 중구 세종대로 136 (태평로1가, 서울파이낸스빌딩 B2 202호)",서울특별시 중구 태평로1가 84 서울파이낸스빌딩 B2 202호 ,197963.789217064    ,451793.816975812    ,0260845705,100-768
르풀,까페,영업/정상,"서울특별시 중구 정동길 33, 1층 101호 (정동)",서울특별시 중구 정동 1-28 ,197471.039917994    ,451548.724649763    ,025411530,100-120
모델라인,까페,영업/정상,"서울특별시 중구 충무로2길 20 (충무로4가,(1층))",서울특별시 중구 충무로4가 149-5 (1층) ,199412.054766456    ,451126.242960802    ,,100-862
메가엠지씨커피 삼성본관빌딩점,까페,영업/정상,"서울특별시 중구 세종대로11길 27 (서소문동,지상1층)",서울특별시 중구 서소문동 120-11 지상1층 ,197660.714751469    ,451085.89421183     ,0237897193,100-814
브라운벤치 (라송(주) 제2지점),까페,영업/정상,"서울특별시 중구 을지로5길 26 (수하동,센터원빌딩 1층 103호)",서울특별시 중구 수하동 67 센터원빌딩 1층 103호 ,198620.934275413    ,451681.95803574     ,027691401,100-210
(주)카페문화 카페오시정 SFC몰점,까페,영업/정상,"서울특별시 중구 세종대로 136 (무교동,, 태평로1가 84 서울파이낸빌딩 지하3층)","서울특별시 중구 무교동 97 , 태평로1가 84 서울파이낸빌딩 지하3층 ",198035.587485594    ,451790.540104336    ,,100-170
텍렉트레이딩,까페,영업/정상,"서울특별시 중구 을지로20길 20, 1층 103호 (인현동1가)",서울특별시 중구 인현동1가 15-11 ,199516.114029899    ,451473.705249863    ,,100-281
클라벤카페(Klaven Cafe),까페,영업/정상,"서울특별시 중구 세종대로16길 22, 1층 (북창동)",서울특별시 중구 북창동 17-1 1층 ,197996.303190059    ,451214.940443595    ,0263626001,100-080
커피빌라,까페,영업/정상,"서울특별시 중구 청파로 445 (중림동,지상1층)",서울특별시 중구 중림동 61-1 지상1층 ,197148.147034715    ,450765.071713177    ,07086997888,100-858
시청광장돈까스,까페,영업/정상,"서울특별시 중구 을지로 지하 12, 시청광장지하쇼핑센터 526호 (을지로1가)",서울특별시 중구 을지로1가 50-1 시청광장지하쇼핑센터 ,198107.575852401    ,451520.629505665    ,,100-842
커피프로젝트클라이브,까페,영업/정상,"서울특별시 중구 을지로 264, 9층 9002호 (을지로6가)",서울특별시 중구 을지로6가 21-31 ,200548.038848161    ,451497.626572161    ,,100-196
폴바셋 코리아나호텔점,까페,영업/정상,"서울특별시 중구 세종대로 135, 1층 (태평로1가, 코리아나호텔)",서울특별시 중구 태평로1가 61-1 코리아나호텔 1층 ,197867.156641113    ,451779.880897566    ,027309455,100-101
크래프트웍스 다운타운,까페,영업/정상,"서울특별시 중구 을지로 100, 지하1층 BB05호 (을지로2가)",서울특별시 중구 을지로2가 203 지하1층 BB05호 ,198921.241301241    ,451495.985361171    ,0260310035,100-192
을지로쎄시봉,까페,영업/정상,"서울특별시 중구 충무로 28, 2층 (초동)",서울특별시 중구 초동 40-1 2층 ,199325.174260461    ,451256.240312334    ,,100-300
MAMOE(마뫼),까페,영업/정상,"서울특별시 중구 소파로 41 (회현동1가,(1층))",서울특별시 중구 회현동1가 산 1-20 (1층) ,198282.342379629    ,450322.478990665    ,,100-051
나이스타임2,까페,영업/정상,"서울특별시 중구 남대문로9길 6, 1층 (다동)",서울특별시 중구 다동 115 1층 ,198336.889115111    ,451629.55619935     ,,100-180
아이바 (I BAR),까페,영업/정상,"서울특별시 중구 다산로 157-1 (신당동,(2층))",서울특별시 중구 신당동 370-50 (2층) ,200999.278749681    ,450616.225015801    ,,100-893
라 테라스,까페,영업/정상,"서울특별시 중구 삼일대로 302 (충무로2가, 1층)",서울특별시 중구 충무로2가 53-10 1층 ,198990.202955049    ,451044.895347229    ,0260208814,100-861
이안(EAN),까페,영업/정상,"서울특별시 중구 퇴계로20길 32 (남산동2가,(지상3층 301호))",서울특별시 중구 남산동2가 27-1 (지상3층 301호) ,198685.379305504    ,450717.172958139    ,027633673,100-042
에스프레소코아,까페,영업/정상,"서울특별시 용산구 대사관로31길 7-6 (한남동, 657-189 지상1층)",서울특별시 용산구 한남동 657-189 지상1층 ,200423.058034067    ,447966.242719659    ,,140-887
씨디,까페,영업/정상,"서울특별시 용산구 우사단로14길 24, 1층 (이태원동)",서울특별시 용산구 이태원동 136-1 ,199653.461392792    ,447989.587877869    ,027984437,140-858
방콕테이블,까페,영업/정상,"서울특별시 용산구 신흥로 54, 1층 103호 (용산동2가)",서울특별시 용산구 용산동2가 45-1 1층 103호,198855.032090543    ,448982.633361938    ,,140-842
텐퍼센트(TENPERCENT) 숙명여대점,까페,영업/정상,"서울특별시 용산구 청파로47길 35 (청파동2가, 71-127 지상1층)",서울특별시 용산구 청파동2가 71-127 지상1층 ,197144.132286796    ,449154.175917409    ,027032218,140-132
헬카페(HELL CAFE),까페,영업/정상,"서울특별시 용산구 보광로 76 (보광동, 238-43 지상1층)",서울특별시 용산구 보광동 238-43 ,199665.427827475    ,447563.95890603     ,,140-823
위티스위티(Witty Sweety),까페,영업/정상,서울특별시 용산구 이태원로26길 16 (이태원동),서울특별시 용산구 이태원동 129-4 1호점 ,199338.056090367    ,447937.330261314    ,,140-865
블럭앤블럭,까페,영업/정상,"서울특별시 용산구 원효로 51, 주상가동 지상2층 204,205호 (산천동)","서울특별시 용산구 산천동 202 지상2층 204,205호 주상가동 ",195547.140326252    ,447976.775939762    ,,140-040
더미쓰리,까페,영업/정상,"서울특별시 용산구 녹사평대로40길 31, 지하1층 (이태원동)",서울특별시 용산구 이태원동 549 ,198835.881226721    ,448056.059560325    ,,140-861
(주)테일러블,까페,영업/정상,"서울특별시 용산구 대사관로7길 2, 2층 (한남동)",서울특별시 용산구 한남동 684-90 2층 ,199997.235852737    ,447996.592356215    ,025407801,140-891
챔프커피,까페,영업/정상,"서울특별시 용산구 녹사평대로26가길 24, 1층 (이태원동)",서울특별시 용산구 이태원동 79-44 1층 ,199296.001556479    ,447805.822936023    ,,140-863
옥상늘보,까페,영업/정상,"서울특별시 용산구 한강대로87길 3 (갈월동, 69-55 지상3층)",서울특별시 용산구 갈월동 69-55 지상3층 ,197443.516755957    ,449101.875629522    ,,140-806
넘버린(Numberin),까페,영업/정상,"서울특별시 용산구 한강대로 356 (동자동, 14-141 외1필지 지상1층)",서울특별시 용산구 동자동 14-141 외1필지 지상1층 ,197471.078663699    ,449748.964819352    ,,140-819
매머드익스프레스서울역점,까페,영업/정상,"서울특별시 용산구 후암로 101 (동자동,(지상1층))",서울특별시 용산구 동자동 11-12 (지상1층) ,197663.205610751    ,450126.78977162     ,,140-818
청파맨션,까페,영업/정상,"서울특별시 용산구 청파로47나길 20 (청파동2가,(지상1층))",서울특별시 용산구 청파동2가 41-18 (지상1층) ,197028.106967254    ,449267.86140604     ,027069093,140-132
"카페소피,케이지",까페,영업/정상,"서울특별시 용산구 회나무로 89, 1층 (이태원동)",서울특별시 용산구 이태원동 258-13 1층 ,199595.269123309    ,448756.878098747    ,0237850100,140-856
부르고뉴 한남,까페,영업/정상,"서울특별시 용산구 독서당로 81-1, 2층 (한남동)",서울특별시 용산구 한남동 29-6 ,200779.182          ,448049.195666666    ,,140-885
스탠다드,까페,영업/정상,"서울특별시 용산구 회나무로 36, 지상2층 (이태원동)",서울특별시 용산구 이태원동 225-143 지상2층 ,199096.876144729    ,448594.824572775    ,027497479,140-857
비너스,까페,영업/정상,"서울특별시 용산구 한강대로104길 86 (후암동,(지하1층))",서울특별시 용산구 후암동 105-182 (지하1층) ,197889.4144909      ,449753.942936273    ,027772933,140-900
무니,까페,영업/정상,"서울특별시 용산구 신흥로20길 37, 지상1층 (후암동)",서울특별시 용산구 후암동 406-58 외 1필지 지상1층 ,198511.640616644    ,449438.219426092    ,025651592,140-902
리모니에(Limonier),까페,영업/정상,"서울특별시 용산구 원효로 202-1, 1층 (원효로2가)",서울특별시 용산구 원효로2가 15-2 1층 ,196811.576000194    ,448309.044562       ,,140-847
나무와,까페,영업/정상,"서울특별시 용산구 이촌로75길 12 (이촌동,(지상2층))",서울특별시 용산구 이촌동 301-139 (지상2층) ,197656.310130477    ,446464.637811628    ,027491177,140-906
화이트래빗,까페,영업/정상,"서울특별시 용산구 녹사평대로 242, 1층 (이태원동)",서울특별시 용산구 이태원동 638 1층 ,198813.697371215    ,448546.044963143    ,,140-861
더버뮤다,까페,영업/정상,"서울특별시 용산구 녹사평대로 168-6, 2층 (이태원동)",서울특별시 용산구 이태원동 34-50 2층 ,198984.586137708    ,447890.057878754    ,,140-863
와다라멘 이태원점,까페,영업/정상,"서울특별시 용산구 녹사평대로32길 9, 1층 (이태원동)",서울특별시 용산구 이태원동 34-91 ,198994.389580396    ,447937.725172394    ,027903349,140-863
애브리씽 벗 더 히어로 카페(Everything but the hero cafe),까페,영업/정상,"서울특별시 용산구 회나무로 62, 1,2층 (이태원동)","서울특별시 용산구 이태원동 210-68 1,2 ",199349.52840699     ,448646.816386889    ,,140-857
컨템포러리원,까페,영업/정상,"서울특별시 용산구 이태원로54길 48 (한남동, 683-47 지상1층)",서울특별시 용산구 한남동 683-47 지상1층 ,200041.195398487    ,448231.95435183     ,0262120219,140-892
빽다방 용산문배점,까페,영업/정상,"서울특별시 용산구 백범로90길 74, 101동 지상1층 104,105호 (문배동, 이안1차상가)","서울특별시 용산구 문배동 11-14 지상1층 101동 104,5호",197248.654674623    ,448360.57465451     ,,140-100
티아라(TIARA),까페,영업/정상,"서울특별시 용산구 우사단로14길 3 (이태원동,(지하1층))",서울특별시 용산구 이태원동 126-16 (지하1층) ,199563.353057515    ,447985.100399024    ,,140-858
더띵팩토리,까페,영업/정상,"서울특별시 용산구 이태원로 242, 5층 (한남동)",서울특별시 용산구 한남동 683-133 지상5층 ,199956.90188004     ,448222.554860994    ,07042271140,140-892
레이브 피자,까페,영업/정상,"서울특별시 용산구 청파로43길 7, 1층 (청파동3가)",서울특별시 용산구 청파동3가 102 1층 ,197296.055574485    ,449027.207504436    ,,140-133
훔볼트아지트,까페,영업/정상,"서울특별시 용산구 보광로 103-2, 소망빌딩 101호 (이태원동)",서울특별시 용산구 이태원동 99-16 소망빌딩 ,199451.81421534     ,447757.249356311    ,,140-863
소프트 퀸,까페,영업/정상,서울특별시 용산구 이태원로27가길 36 (이태원동),서울특별시 용산구 이태원동 116-2 지상1층 ,199332.296292549    ,448103.180467503    ,,140-863
브릭오븐(주),까페,영업/정상,"서울특별시 용산구 이태원로 197 (이태원동, 124-4 지상1층)",서울특별시 용산구 이태원동 124-4 지상1층 ,199568.736843597    ,448066.865002043    ,027946232,140-858
데드비트클럽,까페,영업/정상,"서울특별시 용산구 한남대로42길 12, 지1층,1층 (한남동)",서울특별시 용산구 한남동 794-8 ,200192.29833089     ,448921.676665293    ,025441071,140-894
후암동,까페,영업/정상,"서울특별시 용산구 후암로 33, 1층 (후암동)",서울특별시 용산구 후암동 243-1 1층 ,197943.042824558    ,449607.451120695    ,,140-901
모모,까페,영업/정상,"서울특별시 용산구 이태원로42길 46, 지상1층 (한남동)",서울특별시 용산구 한남동 683-42 지상1층 ,200009.021862581    ,448244.193666507    ,,140-892
EL CAFE COFFEE ROASTERS(엘카페커피로스터스),까페,영업/정상,"서울특별시 용산구 후암로 68, 지하1층 B01호 (후암동, 인성한의원)",서울특별시 용산구 후암동 1-43 지하1층 B01호 ,197900.988301195    ,449965.61516584     ,,140-899
공간,까페,영업/정상,"서울특별시 용산구 원효로 지하 184, 지하1층 (원효로2가)",서울특별시 용산구 원효로2가 43-4 지하1층 ,196666.841337566    ,448185.253999153    ,,140-905
디저트카페 스테이,까페,영업/정상,"서울특별시 용산구 한강대로84길 11 (남영동,(지상2층))",서울특별시 용산구 남영동 35-2 (지상2층) ,197559.474269849    ,449055.774613157    ,027982138,140-160
(주)하베스트남산,까페,영업/정상,"서울특별시 용산구 소월로44가길 7 (이태원동, 258-202 지상2층 )",서울특별시 용산구 이태원동 258-202 지상2층 ,199337.294653499    ,448910.398470076    ,027932299,140-856
컴컴,까페,영업/정상,"서울특별시 용산구 한강대로44길 14, 지하1,지상1층 (한강로2가)","서울특별시 용산구 한강로2가 113-1 지하1층, 지상1층 ",197320.871404544    ,447623.617929291    ,027887365,140-872
더블랙탑커피로스터즈(THE BLACK TOP COFFEE ROASTERS),까페,영업/정상,"서울특별시 용산구 이태원로 5-1 (한강로1가,(지상1층))",서울특별시 용산구 한강로1가 24-1 (지상1층) ,197715.598197554    ,448125.132768962    ,07088047600,140-011
버블브레이크,까페,영업/정상,"서울특별시 용산구 이촌로 182, 1층 107호 (이촌동)",서울특별시 용산구 이촌동 302-68 1층 107호 ,197044.277002519    ,446549.892594467    ,027494449,140-854
드렁큰살롱,까페,영업/정상,"서울특별시 용산구 회나무로13가길 53 (이태원동, 258-340 지상1층)",서울특별시 용산구 이태원동 258-340 지상1층 ,199271.189016876    ,448753.021782382    ,,140-856
곰발커피후암동점,까페,영업/정상,"서울특별시 용산구 두텁바위로 81, 1,2,3층 (후암동)",서울특별시 용산구 후암동 261-7 ,198238.489654247    ,449379.405246422    ,027790428,140-190
쁘띠5,까페,영업/정상,"서울특별시 용산구 이태원로 272 (한남동, 729-74 지상4층)",서울특별시 용산구 한남동 729-74 ,200107.777480614    ,448503.863969602    ,,140-893
카페이누,까페,영업/정상,"서울특별시 용산구 대사관로 41 (한남동, 657-121 지상1층)",서울특별시 용산구 한남동 657-121 지상1층 ,200175.519852569    ,447940.562169519    ,027922923,140-887
티티카카,까페,영업/정상,"서울특별시 용산구 백범로 284-18 (효창동, 235-1 지상1층)",서울특별시 용산구 효창동 235-1 지상1층 ,196381.545904883    ,448602.09007637     ,,140-120
라이언스커피로스터스,까페,영업/정상,"서울특별시 용산구 한강대로 309, 유니온빌딩 1층 (갈월동)",서울특별시 용산구 갈월동 69-75 유니온빌딩 ,197418.853136927    ,449290.688144064    ,,140-806
삼킬로미터,까페,영업/정상,"서울특별시 용산구 청파로47길 16 (청파동2가, 90-20 지하1층)",서울특별시 용산구 청파동2가 90-20 지하1층 ,197234.131475852    ,449191.560826572    ,,140-132
온더램프,까페,영업/정상,"서울특별시 용산구 대사관로19길 7, 지상1층 103호 (한남동)",서울특별시 용산구 한남동 657-45 지상1층 103호,200249.924681718    ,447955.703373239    ,027958253,140-887
반지더하기,까페,영업/정상,"서울특별시 용산구 보광로59길 58, 3층 (이태원동)",서울특별시 용산구 이태원동 59-8 3층 ,199109.15894419     ,447951.638311755    ,027906687,140-863
커피팩토리,까페,영업/정상,"서울특별시 용산구 소월로2길 21-13 (후암동, 446-17 지하1층 101호)",서울특별시 용산구 후암동 446-17 ,197884.882765417    ,450134.331288493    ,027747727,140-903
에슬로우서울역점,까페,영업/정상,"서울특별시 용산구 한강대로 372, C동 지상1층 107호 (동자동, 센트레빌아스테리움)",서울특별시 용산구 동자동 45 센트레빌아스테리움 지상1층 C동 107호,197563.069805939    ,449934.157783456    ,023180966,140-170
카펜터스,까페,영업/정상,"서울특별시 용산구 이촌로 245 (이촌동, 301-151 지하1층)",서울특별시 용산구 이촌동 301-151 ,197646.388904396    ,446420.759276915    ,027982773,140-906
팬케익오리지널스토리,까페,영업/정상,"서울특별시 용산구 독서당로 67, 2층 201호 (한남동, 서울빌딩)",서울특별시 용산구 한남동 261-6 서울빌딜 2층 201호 ,200648.866223783    ,447953.839063087    ,027940508,140-884
커피베이서울역점,까페,영업/정상,"서울특별시 용산구 한강대로 393, 지상1층 (동자동, 동산빌딩)",서울특별시 용산구 동자동 43-54 동산빌딩 1층 ,197487.278710877    ,450140.214278471    ,,140-821
엔와이84.8,까페,영업/정상,"서울특별시 용산구 한강대로 268, 지상2층 (남영동)",서울특별시 용산구 남영동 84-8 지상2층 ,197552.160288169    ,448884.572969999    ,,140-160
산마루돌구이,까페,영업/정상,"서울특별시 용산구 녹사평대로54길 12, 1층 (이태원동)",서울특별시 용산구 이태원동 627 아리랑사우나 ,198857.98425939     ,448542.919939148    ,0226358393,140-861
삼정,까페,영업/정상,"서울특별시 용산구 효창원로 172, 지하1,1층 (청파동3가)",서울특별시 용산구 청파동3가 132-48 ,196619.484260711    ,449016.320404691    ,,140-133
쉼,까페,영업/정상,"서울특별시 용산구 녹사평대로40길 43, 지상2층 (이태원동)",서울특별시 용산구 이태원동 455-36 지상2층 ,198890.346941256    ,448037.308493651    ,027494142,140-861
버클리커피소셜(Berkeley Coffee Social),까페,영업/정상,"서울특별시 용산구 회나무로13가길 17, 1층 (이태원동)",서울특별시 용산구 이태원동 255-32 1층 ,199092.553955258    ,448744.233358656    ,,140-856
마이쥬스(신용산점),까페,영업/정상,"서울특별시 용산구 한강대로30길 25 (한강로2가, 419 용산아스테리움 지하1층 B105호)",서울특별시 용산구 한강로2가 419 용산아스테리움 지하1층 B105호 ,197177.441827434    ,447264.444809335    ,,140-012
바오밥 커피 로스터스(BAOBAB COFFEE ROASTERS),까페,영업/정상,"서울특별시 성동구 마장로26길 9, 1층 101호 (홍익동)",서울특별시 성동구 홍익동 122-12 ,203061.970039391    ,451486.836091961    ,0222989182,133-880
럼프슈가(Lump Sugar),까페,영업/정상,"서울특별시 성동구 용답29길 28, 1층 (용답동)",서울특별시 성동구 용답동 65-6 ,204661.000749691    ,451405.795603881    ,,133-848
포레드뮤,까페,영업/정상,"서울특별시 성동구 무학봉길 93-1 (하왕십리동,(지상1층))",서울특별시 성동구 하왕십리동 966-8 (지상1층) ,202761.416581405    ,451129.534619118    ,0205188154,133-858
노스 성수점,까페,영업/정상,"서울특별시 성동구 연무장9길 4, 성일산업 1층 (성수동2가)",서울특별시 성동구 성수동2가 315-11 성일산업 ,204874.037271299    ,448939.582549077    ,,133-835
사흘카레,까페,영업/정상,"서울특별시 성동구 아차산로15길 10, 성원상떼뷰오피스텔 108,109호 (성수동2가)",서울특별시 성동구 성수동2가 277-37 성원상떼뷰오피스텔 ,205455.198217331    ,449050.405043668    ,,133-727
킴스키친(KimsKitchen)1972,까페,영업/정상,"서울특별시 성동구 자동차시장1길 40, 광희빌딩 1층 (용답동)",서울특별시 성동구 용답동 230-3 광희빌딩 ,205398.743736838    ,450959.098384217    ,,133-850
모리티아,까페,영업/정상,"서울특별시 성동구 아차산로5길 10, 1층 (성수동2가, 지영프라자)",서울특별시 성동구 성수동2가 284-63 ,204576.073483333    ,449381.051225899    ,024608701,133-833
메가엠지씨커피 장한평자동차거리점,까페,영업/정상,"서울특별시 성동구 천호대로 426, 지상1층 (용답동)",서울특별시 성동구 용답동 233-6 ,205779.087396763    ,450956.847789636    ,,133-850
버거쑈,까페,영업/정상,"서울특별시 성동구 마조로 35, 지상1층 101호 (행당동, 3-20)",서울특별시 성동구 행당동 3-20 101호 지상1층 ,203564.435410994    ,450956.657298244    ,0222977592,133-871
돔카페(Dome Cafe),까페,영업/정상,"서울특별시 성동구 왕십리광장로 17, 지상7층 (행당동, 왕십리민자역사)",서울특별시 성동구 행당동 168-200 왕십리민자역사 ,203321.562330114    ,451001.868687869    ,0222001522,133-866
레드컵스,까페,영업/정상,"서울특별시 성동구 마조로 17, 3호 (행당동,(지상1층))",서울특별시 성동구 행당동 19-54 (지상1층) 3호,203512.949927348    ,450799.537553394    ,,133-070
메쉬커피,까페,영업/정상,서울특별시 성동구 서울숲길 43 (성수동1가),서울특별시 성동구 성수동1가 685-307 ,203685.046017832    ,449540.95171123     ,024647078,133-825
더리즌,까페,영업/정상,"서울특별시 성동구 행당로 98, 1층 (행당동, 322-418)",서울특별시 성동구 행당동 322-418 ,202580.561633171    ,450579.568218758    ,0222931885,133-870
수연,까페,영업/정상,서울특별시 성동구 왕십리로20길 34 (홍익동),서울특별시 성동구 홍익동 136 ,203085.503705829    ,451399.573958576    ,0222917657,133-880
하울까페,까페,영업/정상,"서울특별시 성동구 마장로35길 76, 상가동 113호 (마장동, 818현대@상가113호)",서울특별시 성동구 마장동 818 현대@상가113호 ,203689.261216457    ,451908.86237999     ,0222820999,133-816
치킨 노가리,까페,영업/정상,서울특별시 성동구 무학로 20-1 (홍익동),서울특별시 성동구 홍익동 400 ,202605.13866504     ,451517.561015592    ,,133-881
스텀필즈커피 성수점,까페,영업/정상,"서울특별시 성동구 성수이로 147, 지상1층 104호 (성수동2가, 289-319 아이에스비즈타워)",서울특별시 성동구 성수동2가 289-319 ,205013.206755565    ,449538.234799943    ,0264647999,133-834
우수,까페,영업/정상,서울특별시 성동구 마장로 228-12 (홍익동),서울특별시 성동구 홍익동 121-4 ,203048.892903638    ,451512.047864703    ,0222937402,133-880
자유,까페,영업/정상,"서울특별시 성동구 왕십리로20길 43 (홍익동, 홍익동 123-5 지상1층)",서울특별시 성동구 홍익동 123-5 (지상1층) ,203080.421820788    ,451500.962967034    ,0222917921,133-880
란,까페,영업/정상,"서울특별시 성동구 금호산2길 17-1 (금호동3가,(지상1층))",서울특별시 성동구 금호동3가 456 (지상1층) ,201844.408295942    ,449625.508136256    ,,133-805
금호다방,까페,영업/정상,"서울특별시 성동구 금호산2길 22-10, 1층 (금호동3가)",서울특별시 성동구 금호동3가 396 ,201860.042024076    ,449599.147249655    ,,133-805
핵밥 한양대점,까페,영업/정상,"서울특별시 성동구 사근동길 2 (행당동,지상2층)",서울특별시 성동구 행당동 12-9 지상2층 ,203582.348763397    ,450855.683273207    ,0222914437,133-871
다사랑,까페,영업/정상,"서울특별시 성동구 왕십리로20길 43 (홍익동,(지상1층))",서울특별시 성동구 홍익동 123-5 (지상1층) ,203080.421820788    ,451500.962967034    ,,133-880
딤플,까페,영업/정상,"서울특별시 성동구 성덕정길 133, 1층 (성수동2가)",서울특별시 성동구 성수동2가 225-12 ,205068.536030844    ,448269.651397197    ,029434523,133-826
꽃돼지,까페,영업/정상,"서울특별시 성동구 성덕정길 142 (성수동2가, 성수2가 212-12 지상1층)",서울특별시 성동구 성수동2가 212-12 지상1층 ,205145.953104283    ,448240.242315302    ,024620230,133-826
7080노부사,까페,영업/정상,"서울특별시 성동구 동일로 279 (송정동,지하1층)",서울특별시 성동구 송정동 92 지하1층 ,206267.144320265    ,450459.731469851    ,029217080,133-837
봄의정원 왕십리점,까페,영업/정상,"서울특별시 성동구 마조로7길 13 (행당동,지하1층)",서울특별시 성동구 행당동 3-7 지하1층 ,203445.076077022    ,450938.964563036    ,0222923022,133-871
카페루보브,까페,영업/정상,"서울특별시 성동구 마조로1길 6 (행당동,외1필지(158-92)지상1층)",서울특별시 성동구 행당동 158-4 외1필지(158-92)지상1층 ,203460.460994564    ,450677.551613176    ,0222821854,133-866
빈플래토,까페,영업/정상,"서울특별시 성동구 한림말5길 19 (옥수동,,5)","서울특별시 성동구 옥수동 356-2 ,5 ",201382.735548279    ,448969.973475884    ,0222995758,133-100
커피볶는집 낙타,까페,영업/정상,"서울특별시 성동구 상원6나길 6, 1층 (성수동1가)",서울특별시 성동구 성수동1가 13-304 ,204285.001582302    ,449587.300299127    ,,133-822
올레길 한잔,까페,영업/정상,"서울특별시 성동구 한림말1길 17 (옥수동, 301 지상1층)",서울특별시 성동구 옥수동 301 지상1층 ,201362.184286349    ,448960.407989586    ,,133-840
커스텀커피 금호점,까페,영업/정상,"서울특별시 성동구 금호로 40, 상가동 지2층 2호 (금호동4가, 힐스테이트 서울숲리버)",서울특별시 성동구 금호동4가 1553 힐스테이트 서울숲리버 ,202277.937068105    ,449393.800969153    ,024862468,133-094
느낌,까페,영업/정상,"서울특별시 성동구 독서당로 315-4 (금호동3가,(지상1층))",서울특별시 성동구 금호동3가 230 (지상1층) ,202075.289101465    ,449565.465031046    ,0222339989,133-805
해와달,까페,영업/정상,서울특별시 광진구 면목로 98 (중곡동),서울특별시 광진구 중곡동 244-10 ,206953.027880279    ,451124.521294472    ,024585880,143-904
모서리에 커피집,까페,영업/정상,"서울특별시 광진구 능동로17길 5, 1층 (화양동)",서울특별시 광진구 화양동 94-1 ,206382.481844406    ,449313.299514357    ,,143-915
몽실,까페,영업/정상,서울특별시 광진구 답십리로 380 (중곡동),서울특별시 광진구 중곡동 562-11 ,207219.200152414    ,452120.341711469    ,024918251,143-909
망고,까페,영업/정상,"서울특별시 광진구 면목로 96, 나동 1층 (중곡동)",서울특별시 광진구 중곡동 244-9 나동 1층 ,206947.8678812      ,451111.552739276    ,,143-904
아씨,까페,영업/정상,서울특별시 광진구 답십리로 380 (중곡동),서울특별시 광진구 중곡동 562-11 ,207219.200152414    ,452120.341711469    ,024328251,143-909
수니네 왕노가리,까페,영업/정상,서울특별시 광진구 능동로38길 30 (중곡동),서울특별시 광진구 중곡동 341-20 ,207120.886528047    ,450546.089885793    ,0234363811,143-908
고은별,까페,영업/정상,"서울특별시 광진구 자양로 177, 은하빌딩 1층 (구의동)",서울특별시 광진구 구의동 254-12 은하빌딩 1층 ,207384.290633394    ,449025.220564874    ,,143-827
꽃돼지,까페,영업/정상,서울특별시 광진구 면목로 96 (중곡동),서울특별시 광진구 중곡동 244-9 ,206947.8678812      ,451111.552739276    ,024567406,143-904
유혹,까페,영업/정상,서울특별시 광진구 긴고랑로 102 (중곡동),서울특별시 광진구 중곡동 55-1 ,207583.051456074    ,450833.725385404    ,024536053,143-886
금잔화,까페,영업/정상,서울특별시 광진구 면목로 88 (중곡동),서울특별시 광진구 중곡동 257-7 ,206913.868819686    ,451033.907331269    ,,143-904
카페카파,까페,영업/정상,서울특별시 광진구 동일로60길 45 (군자동),서울특별시 광진구 군자동 467-9 ,206636.079739754    ,450621.396166772    ,024661560,143-838
프로포즈,까페,영업/정상,서울특별시 광진구 구의로 54 (구의동),서울특별시 광진구 구의동 224-65 ,207912.878830419    ,448943.044156572    ,024448803,143-959
마이홈,까페,영업/정상,서울특별시 광진구 면목로 99 (중곡동),서울특별시 광진구 중곡동 245-4 ,206933.55114995     ,451144.001718632    ,024976239,143-904
다호호프,까페,영업/정상,서울특별시 광진구 면목로 82 (중곡동),서울특별시 광진구 중곡동 257-45 ,206891.932826786    ,450968.392621471    ,024684815,143-904
빽다방건대역화양점,까페,영업/정상,"서울특별시 광진구 아차산로29길 29-1, 1층 (화양동)",서울특별시 광진구 화양동 47-6 ,205994.165579214    ,448892.855438889    ,024624886,143-917
사랑,까페,영업/정상,서울특별시 광진구 면목로 99 (중곡동),서울특별시 광진구 중곡동 245-4 ,206933.55114995     ,451144.001718632    ,024685417,143-904
본초쌍화,까페,영업/정상,"서울특별시 광진구 자양로5길 33, 지층 (자양동)",서울특별시 광진구 자양동 663-21 ,207368.624495222    ,447632.296040333    ,0222010816,143-873
러브,까페,영업/정상,서울특별시 광진구 면목로 80 (중곡동),서울특별시 광진구 중곡동 257-5 ,206884.865628671    ,450952.100703581    ,024685477,143-904
카페이르,까페,영업/정상,"서울특별시 광진구 능동로4길 61, 1층 (자양동)",서울특별시 광진구 자양동 553-45 (1층) ,206158.011100093    ,447748.068375156    ,,143-862
길조,까페,영업/정상,서울특별시 광진구 면목로 181 (중곡동),서울특별시 광진구 중곡동 211-22 ,207253.319747676    ,451896.483316404    ,,143-902
정,까페,영업/정상,서울특별시 광진구 긴고랑로 90 (중곡동),서울특별시 광진구 중곡동 150-206 ,207476.418168732    ,450901.506885223    ,0234363788,143-896
행운,까페,영업/정상,"서울특별시 광진구 면목로 99, 1층 (중곡동)",서울특별시 광진구 중곡동 245-4 ,206933.55114995     ,451144.001718632    ,,143-904
커피고,까페,영업/정상,"서울특별시 광진구 천호대로111길 7 (중곡동,(1층))",서울특별시 광진구 중곡동 341-28 (1층) ,207168.798582797    ,450507.082707788    ,024479245,143-908
장미,까페,영업/정상,서울특별시 광진구 면목로 143-1 (중곡동),서울특별시 광진구 중곡동 192-7 ,207113.066418755    ,451564.949419045    ,024972938,143-901
낭만,까페,영업/정상,"서울특별시 광진구 면목로 145, 1층 (중곡동)",서울특별시 광진구 중곡동 192-5 ,207117.520259692    ,451575.130183666    ,,143-901
미정,까페,영업/정상,서울특별시 광진구 긴고랑로 102 (중곡동),서울특별시 광진구 중곡동 55-1 ,207583.051456074    ,450833.725385404    ,024567583,143-886
빨간입술,까페,영업/정상,서울특별시 광진구 면목로 87-1 (중곡동),서울특별시 광진구 중곡동 256-4 ,206887.309851299    ,451041.01984331     ,024689244,143-904
카페건대커피랩,까페,영업/정상,서울특별시 광진구 동일로22길 102 (화양동),서울특별시 광진구 화양동 7-11 ,206084.564568828    ,448732.727599982    ,024977725,143-914
어우동,까페,영업/정상,"서울특별시 광진구 면목로 181, 1층 (중곡동)",서울특별시 광진구 중곡동 211-22 1층 ,207253.319747676    ,451896.483316404    ,024987189,143-902
우연,까페,영업/정상,"서울특별시 광진구 면목로 83, 1층 (중곡동)",서울특별시 광진구 중곡동 256-8 1층 ,206868.648832324    ,451002.456878991    ,,143-904
웨이브(WAVE),까페,영업/정상,"서울특별시 광진구 능동로19길 18, 지층 (화양동)",서울특별시 광진구 화양동 207 ,206366.695974518    ,449440.983577535    ,,143-915
인큐즈미(Incuse Me),까페,영업/정상,"서울특별시 광진구 군자로 5, 지하1층,1층 (화양동)","서울특별시 광진구 화양동 3-3 지하1층,1층 ",206277.569992409    ,449080.766413109    ,024621233,143-914
레드필,까페,영업/정상,"서울특별시 광진구 긴고랑로 16 (중곡동,(지층))",서울특별시 광진구 중곡동 247-3 (지층) ,206823.103134481    ,451261.025885124    ,024621881,143-904
우리랑먹거리,까페,영업/정상,서울특별시 광진구 자양로18길 56 (구의동),서울특별시 광진구 구의동 243-6 ,207591.228141729    ,448415.485656199    ,024477793,143-825
와이낫커피,까페,영업/정상,"서울특별시 광진구 구의강변로3길 11, 101동 (구의동)",서울특별시 광진구 구의동 593-9 101동 ,208008.640560182    ,448164.055838633    ,024561109,143-831
와글와글,까페,영업/정상,서울특별시 광진구 면목로 102-1 (중곡동),서울특별시 광진구 중곡동 244-6 ,206968.572611028    ,451159.969659086    ,024664307,143-904
핑크,까페,영업/정상,서울특별시 광진구 면목로 87 (중곡동),서울특별시 광진구 중곡동 256-5 ,206881.49478527     ,451027.593569261    ,024872231,143-904
투썸플레이스,까페,영업/정상,"서울특별시 광진구 아차산로 537-17 (광장동, 광장 힐스테이트 단지내 상가 S동1층13호)",서울특별시 광진구 광장동 582 ,208729.170395929    ,448995.808404463    ,024571238,143-210
카페트윈즈(Cafe twins),까페,영업/정상,"서울특별시 광진구 능동로 378, 1층 (중곡동)",서울특별시 광진구 중곡동 31-38 ,207256.674526588    ,451185.817881654    ,07042128080,143-885
자양,까페,영업/정상,"서울특별시 광진구 뚝섬로 507, 지하1층 (자양동)",서울특별시 광진구 자양동 553-211 ,205831.417101061    ,448184.941380879    ,024643993,143-862
저니(JOURNEY),까페,영업/정상,"서울특별시 광진구 능동로 147 (화양동,지하1층)",서울특별시 광진구 화양동 2-48 지하1층 ,206313.787937645    ,449079.242642943    ,024693034,143-914
다영호프,까페,영업/정상,서울특별시 광진구 답십리로 372 (중곡동),서울특별시 광진구 중곡동 565-1 ,207158.724907945    ,452128.068818571    ,024927504,143-909
메종 드 프레지에,까페,영업/정상,"서울특별시 광진구 구의강변로 86, 1층 105호 (구의동)",서울특별시 광진구 구의동 214-6 1층 105호,208232.225102078    ,448435.883265128    ,024445750,143-822
푸쉬팝,까페,영업/정상,서울특별시 광진구 구의로 64 (구의동),서울특별시 광진구 구의동 227-43 ,207931.608741014    ,449040.537492792    ,024443171,143-961
바다생각,까페,영업/정상,서울특별시 광진구 군자로 38 (화양동),서울특별시 광진구 화양동 132-66 ,206142.281817667    ,449364.171948038    ,024655955,143-915
사케바 코온,까페,영업/정상,"서울특별시 광진구 능동로 325, 1층 104호 (중곡동)",서울특별시 광진구 중곡동 647-16 ,207002.314774381    ,450714.550915343    ,,143-912
조영,까페,영업/정상,"서울특별시 광진구 면목로 181, 1층 (중곡동)",서울특별시 광진구 중곡동 211-22 (1층) ,207253.319747676    ,451896.483316404    ,024995900,143-902
청담동,까페,영업/정상,"서울특별시 광진구 답십리로 376, 1층 (중곡동)",서울특별시 광진구 중곡동 564-1 1층 ,207183.255174147    ,452124.901251429    ,024978252,143-909
유혹,까페,영업/정상,"서울특별시 광진구 면목로 94, 1층 (중곡동)",서울특별시 광진구 중곡동 244-46 ,206935.760177839    ,451085.195120818    ,024614815,143-904
꼬메노,까페,영업/정상,"서울특별시 광진구 군자로7길 29 (화양동,(1층))",서울특별시 광진구 화양동 16-24 (1층) ,206036.180725624    ,449262.108966673    ,024685177,143-915
마이디어버터하우스,까페,영업/정상,"서울특별시 광진구 능동로13길 74 (화양동,(1층))",서울특별시 광진구 화양동 16-37 (1층) ,206039.827169152    ,449190.451355575    ,024638688,143-915
미각,까페,영업/정상,서울특별시 광진구 능동로13길 117 (화양동),서울특별시 광진구 화양동 31-1 ,205892.64201057     ,449361.067196049    ,07075028345,143-916
단지(DANJI),까페,영업/정상,"서울특별시 광진구 군자로 133-1, 1층 (군자동)",서울특별시 광진구 군자동 150-10 1층 ,206486.386117296    ,450194.020260266    ,,143-839
비에뜨 반미 건대점,까페,영업/정상,"서울특별시 광진구 능동로17길 1, 1층 (화양동)",서울특별시 광진구 화양동 94-4 1층 ,206391.43750224     ,449301.485696137    ,024679881,143-915
도쿄빙수건대직영점,까페,영업/정상,"서울특별시 광진구 아차산로31길 45 (화양동,(1층))",서울특별시 광진구 화양동 10-2 (1층) ,206126.003713389    ,448978.112860477    ,024662012,143-914
라이프온마스,까페,영업/정상,"서울특별시 광진구 능동로4길 17 (자양동,(1층))",서울특별시 광진구 자양동 553-376 (1층) ,206011.728357801    ,447910.588323863    ,0264012626,143-862
차차(chacha),까페,영업/정상,"서울특별시 광진구 긴고랑로11길 30, 1층 (중곡동)",서울특별시 광진구 중곡동 221-47 ,207183.990389113    ,451363.56791492     ,024546020,143-903
설맥 건대점,까페,영업/정상,"서울특별시 광진구 능동로13길 15 (화양동,(지하))",서울특별시 광진구 화양동 11-1 (지하) ,206196.648137211    ,448950.017613025    ,024697196,143-914
핸즈업(Hands up),까페,영업/정상,"서울특별시 광진구 동일로24길 100, 지1층 (화양동)",서울특별시 광진구 화양동 8-11 ,206148.203841628    ,448897.648279345    ,,143-914
첼로,까페,영업/정상,서울특별시 광진구 면목로 181 (중곡동),서울특별시 광진구 중곡동 211-22 ,207253.319747676    ,451896.483316404    ,,143-902
임면옥,까페,영업/정상,"서울특별시 광진구 능동로 338, 1층 (중곡동)",서울특별시 광진구 중곡동 161-28 (1층) ,207090.279232825    ,450804.83791896     ,0234363811,143-898
쉼표,까페,영업/정상,"서울특별시 광진구 동일로 394 (중곡동,(1층))",서울특별시 광진구 중곡동 235-3 (1층) ,206780.136768598    ,451483.851603106    ,,143-903
온더코너,까페,영업/정상,"서울특별시 광진구 아차산로21길 44, 1층 (화양동)",서울특별시 광진구 화양동 44-1 ,205756.360359608    ,449062.416643919    ,07089410070,143-917
진달래,까페,영업/정상,서울특별시 광진구 면목로 83 (중곡동),서울특별시 광진구 중곡동 256-8 ,206868.648832324    ,451002.456878991    ,024973046,143-904
솜사탕,까페,영업/정상,서울특별시 광진구 면목로 97 (중곡동),서울특별시 광진구 중곡동 245-5 ,206924.38232117     ,451127.93924785     ,024684858,143-904
비너스,까페,영업/정상,서울특별시 광진구 면목로 97 (중곡동),서울특별시 광진구 중곡동 245-5 ,206924.38232117     ,451127.93924785     ,024999080,143-904
다낭 분짜,까페,영업/정상,서울특별시 광진구 동일로 114 (화양동),서울특별시 광진구 화양동 42-16 ,205653.1202874      ,448938.895726373    ,025332965,143-917
오렌지,까페,영업/정상,서울특별시 광진구 면목로 88 (중곡동),서울특별시 광진구 중곡동 257-7 ,206913.868819686    ,451033.907331269    ,024684177,143-904
무지개,까페,영업/정상,서울특별시 광진구 면목로 181 (중곡동),서울특별시 광진구 중곡동 211-22 ,207253.319747676    ,451896.483316404    ,024992273,143-902
옛추억,까페,영업/정상,서울특별시 광진구 면목로 87-1 (중곡동),서울특별시 광진구 중곡동 256-4 ,206887.309851299    ,451041.01984331     ,024981276,143-904
사가정,까페,영업/정상,"서울특별시 광진구 면목로 94 (중곡동,(1층))",서울특별시 광진구 중곡동 244-46 (1층) ,206935.760177839    ,451085.195120818    ,024672333,143-904
힐링,까페,영업/정상,서울특별시 광진구 면목로 80 (중곡동),서울특별시 광진구 중곡동 257-5 ,206884.865628671    ,450952.100703581    ,024616809,143-904
장미,까페,영업/정상,서울특별시 광진구 면목로 97 (중곡동),서울특별시 광진구 중곡동 245-5 ,206924.38232117     ,451127.93924785     ,,143-904
이디도 커피 코리아,까페,영업/정상,"서울특별시 광진구 자양로18길 12-4 (구의동,(1층))",서울특별시 광진구 구의동 246-34 (1층) ,207369.008894307    ,448345.200125856    ,024528778,143-825
롬곡(Romgok),까페,영업/정상,"서울특별시 광진구 광나루로17길 18 (군자동,(1층))",서울특별시 광진구 군자동 371-5 (1층) ,206349.836380892    ,449582.166151397    ,0263382416,143-840
초이스,까페,영업/정상,서울특별시 광진구 구의로 48 (구의동),서울특별시 광진구 구의동 224-68 ,207902.279655747    ,448879.106976448    ,024473347,143-959
동서울호텔커피��,까페,영업/정상,"서울특별시 광진구 구의강변로 38, 동서울호텔 1층 (구의동)",서울특별시 광진구 구의동 595 동서울호텔 ,208051.884671132    ,447994.805558304    ,024551100,143-831
우연,까페,영업/정상,"서울특별시 광진구 답십리로 380 (중곡동,(1층))",서울특별시 광진구 중곡동 562-11 (1층) ,207219.200152414    ,452120.341711469    ,,143-909
오스테리아현,까페,영업/정상,"서울특별시 광진구 능동로 237 (군자동,(1층))",서울특별시 광진구 군자동 249 (1층) ,206643.840585631    ,449904.499888106    ,024673370,143-837
서교주담,까페,영업/정상,"서울특별시 광진구 능동로13길 23 (화양동,(1층))",서울특별시 광진구 화양동 11-33 (1층) ,206171.328192213    ,448976.304638754    ,024632965,143-914
커피메소드,까페,영업/정상,"서울특별시 동대문구 회기로21길 34, 2층 (회기동)",서울특별시 동대문구 회기동 25 ,204622.16144616     ,454511.36788533     ,029680986,130-872
한신,까페,영업/정상,"서울특별시 동대문구 한빛로1길 5, 지하1층 (신설동)",서울특별시 동대문구 신설동 81-97 지하1층 ,202041.708509704    ,452691.760200015    ,,130-810
카페이너프(cafe Enough ),까페,영업/정상,"서울특별시 동대문구 청계천로 471 (용두동,청계대성스카이렉스 107호)",서울특별시 동대문구 용두동 255-48 청계대성스카이렉스 107호 ,202509.792450053    ,452026.307560193    ,,130-823
가비,까페,영업/정상,서울특별시 동대문구 무학로 125-1 (용두동),서울특별시 동대문구 용두동 234-46 ,202611.088168858    ,452591.224525436    ,,130-823
실크로드,까페,영업/정상,"서울특별시 동대문구 전농로 219 (전농동,(전농로221))",서울특별시 동대문구 전농동 103-347 (전농로221) ,204628.758474894    ,453486.954850823    ,0202442229,130-851
이디야,까페,영업/정상,"서울특별시 동대문구 고산자로 413-1, 1층 (용두동)",서울특별시 동대문구 용두동 40-1 1층 ,203281.701352111    ,452707.572213363    ,,130-817
역전,까페,영업/정상,"서울특별시 동대문구 신이문로 41-1, 지하1층 (이문동)",서울특별시 동대문구 이문동 220-179 지하1층 ,205836.67646733     ,455651.162091866    ,,130-828
샘,까페,영업/정상,서울특별시 동대문구 황물로 1 (전농동),서울특별시 동대문구 전농동 643-4 ,203991.791404561    ,452696.677572792    ,,130-859
복래네부대찌개,까페,영업/정상,"서울특별시 동대문구 사가정로 119, 2층 4,5호 (전농동)","서울특별시 동대문구 전농동 35-3 2층 4,5호",205077.639141388    ,452848.816879201    ,0222430933,130-850
지니어스아이씨엘,까페,영업/정상,서울특별시 동대문구 사가정로13길 3 (전농동),서울특별시 동대문구 전농동 295-16 ,205048.138960502    ,452869.283154469    ,,130-854
와플스토리(Waffle Story),까페,영업/정상,"서울특별시 동대문구 서울시립대로 164 (전농동,(시립대길12))",서울특별시 동대문구 전농동 152-11 (시립대길12) ,204772.209306923    ,453447.005254027    ,,130-851
나포리,까페,영업/정상,"서울특별시 동대문구 약령중앙로2길 14, 지하1층 1호 (제기동)",서울특별시 동대문구 제기동 1131-1 ,203255.569303934    ,452928.649977661    ,,130-864
이문동 꽃집,까페,영업/정상,"서울특별시 동대문구 이문로 178, 1층 (이문동)",서울특별시 동대문구 이문동 255-256 1층 ,205429.366979567    ,455571.764175258    ,029663770,130-827
설빙 장안점,까페,영업/정상,"서울특별시 동대문구 답십리로 300, 2층 201호 (장안동)",서울특별시 동대문구 장안동 335-4 ,206444.338328365    ,452187.090320126    ,0222147781,130-840
오리,까페,영업/정상,"서울특별시 동대문구 회기로 149 (회기동,지하1층(회기로 151))",서울특별시 동대문구 회기동 45-49 지하1층(회기로 151) ,204615.634811579    ,454355.57654881     ,,130-872
러블티,까페,영업/정상,서울특별시 동대문구 망우로18가길 70 (휘경동),서울특별시 동대문구 휘경동 293-120 ,205251.227369689    ,453881.011397236    ,0222476445,130-878
어글리머그,까페,영업/정상,"서울특별시 동대문구 안암로 144, 1층 (제기동)",서울특별시 동대문구 제기동 137-94 1층 ,202959.047374911    ,453921.524126181    ,,130-860
고기굽는방앗간 장안점,까페,영업/정상,서울특별시 동대문구 장한로 176 (장안동),서울특별시 동대문구 장안동 311-2 ,206320.885150726    ,452635.461654084    ,0233944433,130-839
소리울,까페,영업/정상,"서울특별시 동대문구 회기로 127, 지하1층 (회기동)",서울특별시 동대문구 회기동 60-92 지하1층 ,204409.118816399    ,454366.925493637    ,,130-872
매화,까페,영업/정상,서울특별시 중랑구 겸재로 220 (면목동),서울특별시 중랑구 면목동 72-26 ,208064.315288156    ,454104.104381074    ,0222084916,131-815
라떼 곰,까페,영업/정상,"서울특별시 중랑구 동일로139길 36, 1층 (중화동)",서울특별시 중랑구 중화동 308-31 1층 ,206725.274557167    ,455677.833110906    ,,131-882
해바라기,까페,영업/정상,서울특별시 중랑구 답십리로 383 (면목동),서울특별시 중랑구 면목동 398-30 ,207255.189305033    ,452144.18960951     ,0222099859,131-829
정카페,까페,영업/정상,"서울특별시 중랑구 망우로 216-10, 1층 (상봉동)",서울특별시 중랑구 상봉동 129-71 ,206727.292805904    ,454587.911876722    ,029724442,131-861
열정,까페,영업/정상,서울특별시 중랑구 답십리로 401 (면목동),서울특별시 중랑구 면목동 393-60 ,207435.738190616    ,452102.965513448    ,,131-829
카페브릭,까페,영업/정상,"서울특별시 중랑구 신내역로1길 127-11 (신내동, 지상1층~2층)",서울특별시 중랑구 신내동 243-20 ,209519.890499435    ,457283.760348663    ,,131-865
라포레 더블유,까페,영업/정상,"서울특별시 중랑구 양원역로16길 103-111, 1층 (망우동)",서울특별시 중랑구 망우동 43-8 ,209980.564839964    ,456164.679512956    ,,131-800
너랑나랑,까페,영업/정상,서울특별시 중랑구 면목로 391 (면목동),서울특별시 중랑구 면목동 115-22 ,207693.212087001    ,453856.551287409    ,024329168,131-818
로또,까페,영업/정상,서울특별시 중랑구 망우로 216-12 (상봉동),서울특별시 중랑구 상봉동 129-72 ,206730.400368652    ,454578.449386301    ,,131-861
초코렛,까페,영업/정상,"서울특별시 중랑구 면목로 211, 1층 (면목동)",서울특별시 중랑구 면목동 398-10 ,207299.812487393    ,452195.258309196    ,024544317,131-829
이디야,까페,영업/정상,서울특별시 중랑구 망우로 198 (상봉동),서울특별시 중랑구 상봉동 130-99 ,206544.310283401    ,454555.027249222    ,0222093725,131-861
대박,까페,영업/정상,서울특별시 중랑구 망우로 216-11 (상봉동),서울특별시 중랑구 상봉동 129-68 ,206745.968437522    ,454586.369965835    ,024356199,131-861
춘향이호프,까페,영업/정상,서울특별시 중랑구 망우로36길 27 (상봉동),서울특별시 중랑구 상봉동 128-70 ,206888.028616728    ,454605.646603526    ,024385908,131-861
에이치제이(H.J),까페,영업/정상,서울특별시 중랑구 망우로 244 (상봉동),서울특별시 중랑구 상봉동 128-0 ,206979.03554758     ,454700.539424498    ,024954718,131-861
투썸플레이스 중랑역점,까페,영업/정상,"서울특별시 중랑구 망우로 202 (상봉동, 2층)",서울특별시 중랑구 상봉동 130-166 ,206597.593516148    ,454573.226449901    ,,131-861
망우국수,까페,영업/정상,"서울특별시 중랑구 용마산로 396, 1층 (면목동)",서울특별시 중랑구 면목동 51-2 지상1층 ,208382.786370061    ,453851.079850661    ,,131-812
국수마당,까페,영업/정상,"서울특별시 중랑구 면목로 384-1, 1층 (면목동)",서울특별시 중랑구 면목동 114-5 ,207742.287049119    ,453770.95622192     ,024342333,131-814
카페브룩스,까페,영업/정상,서울특별시 성북구 보문로17길 3 (보문동5가),서울특별시 성북구 보문동5가 252-8 ,201782.809926689    ,453264.660517215    ,07076221274,136-085
월드,까페,영업/정상,서울특별시 성북구 돌곶이로 144 (장위동),서울특별시 성북구 장위동 75-612 ,204566.345132057    ,456958.985057473    ,029162428,136-830
모짜(MOZZA),까페,영업/정상,서울특별시 성북구 성북로 102 (성북동),서울특별시 성북구 성북동 68-4 ,199714.676469147    ,454527.653861399    ,,136-823
와플대학정릉캠퍼스,까페,영업/정상,서울특별시 성북구 보국문로 13-1 (정릉동),서울특별시 성북구 정릉동 416-2 ,200905.833088996    ,455951.966956187    ,,136-845
뮤지컬토크Muk,까페,영업/정상,"서울특별시 성북구 삼선교로11길 18 (삼선동2가,(지상2층))",서울특별시 성북구 삼선동2가 11 (지상2층) ,200795.940609067    ,454032.246907368    ,027665200,136-042
우연,까페,영업/정상,"서울특별시 성북구 장월로 104 (장위동,지상1층)",서울특별시 성북구 장위동 238-117 지상1층 ,204214.28663972     ,456977.968831373    ,,136-833
마실,까페,영업/정상,"서울특별시 성북구 동소문로26길 17 (동선동3가, 1층)",서울특별시 성북구 동선동3가 141 ,201682.477102673    ,454631.400298179    ,07076284484,136-053
버클리쿠키,까페,영업/정상,서울특별시 성북구 동소문로11길 5 (동소문동4가),서울특별시 성북구 동소문동4가 124-1 ,200975.435859462    ,454360.988899599    ,029218049,136-034
갈채,까페,영업/정상,서울특별시 성북구 한천로 563 (석관동),서울특별시 성북구 석관동 71-8 ,205510.999811435    ,456415.941878391    ,029626082,136-816
찬스,까페,영업/정상,"서울특별시 성북구 한천로 579, 1층 (석관동)",서울특별시 성북구 석관동 189-11 1층 ,205408.730080707    ,456547.819591098    ,029672581,136-818
김밥싸고커피내리고,까페,영업/정상,"서울특별시 성북구 아리랑로 58, 1층 (동선동5가)",서울특별시 성북구 동선동5가 166 ,201236.965131915    ,455052.235606742    ,,136-055
이립스,까페,영업/정상,"서울특별시 성북구 고려대로7길 84-7, 지층 (동선동2가)",서울특별시 성북구 동선동2가 43 지층 ,201601.259584977    ,454123.232668402    ,,136-052
미루카페(miroo cafe),까페,영업/정상,서울특별시 성북구 동소문로20길 28-3 (동소문동5가),서울특별시 성북구 동소문동5가 118-13 ,201385.517922862    ,454316.09806427     ,,136-035
스윗(sweet),까페,영업/정상,서울특별시 성북구 성북로2길 35 (동소문동1가),서울특별시 성북구 동소문동1가 52 ,200606.137827743    ,454163.338033133    ,,136-031
공주,까페,영업/정상,"서울특별시 성북구 장위로 153-1, 1층 (장위동)",서울특별시 성북구 장위동 74-139 ,204657.939864324    ,456903.867214102    ,029180599,136-830
바운스,까페,영업/정상,"서울특별시 성북구 보국문로16길 44 (정릉동, 266-105 지하1층)",서울특별시 성북구 정릉동 266-105 지하1층 ,200792.67339269     ,456614.545385986    ,,136-849
롤링핀 1976 길음점,까페,영업/정상,"서울특별시 성북구 도봉로 1, 1층 (길음동)",서울특별시 성북구 길음동 22-1 1층 ,202533.239954526    ,456331.466032772    ,029881031,136-800
달콤한송이,까페,영업/정상,"서울특별시 성북구 고려대로17가길 77, 신일빌딩 (안암동1가)",서울특별시 성북구 안암동1가 317-1 신일빌딩 ,201920.762487958    ,454067.873051175    ,029249081,136-071
밀거래,까페,영업/정상,"서울특별시 성북구 동소문로22길 57-6 (동선동2가,지상1층)",서울특별시 성북구 동선동2가 127 지상1층 ,201606.65344356     ,454251.431786       ,,136-052
MR.BEANCoffee(미스터빈커피),까페,영업/정상,서울특별시 성북구 화랑로 103 (하월곡동),서울특별시 성북구 하월곡동 17-1 지상1층 ,203727.40268288     ,455708.713093797    ,,136-865
밀플랜비 고려대점,까페,영업/정상,"서울특별시 성북구 개운사길 52 (안암동5가,(1층))",서울특별시 성북구 안암동5가 15-82 (1층) ,202524.459756046    ,454043.010193533    ,,136-075
그대품안에,까페,영업/정상,서울특별시 성북구 한천로 567 (석관동),서울특별시 성북구 석관동 183-7 ,205484.615051191    ,456451.235557369    ,029596702,136-818
꼰츄로,까페,영업/정상,"서울특별시 성북구 성북로 75, 1~3층 (성북동)",서울특별시 성북구 성북동 128-22 ,199982.511793428    ,454542.905717922    ,,136-824
그리드,까페,영업/정상,"서울특별시 성북구 보문로13길 8 (보문동7가,지하1층)",서울특별시 성북구 보문동7가 28 지하1층 ,201839.773351352    ,453106.531159636    ,029299556,136-087
세양,까페,영업/정상,서울특별시 성북구 한천로78길 9 (석관동),서울특별시 성북구 석관동 182-2 ,205504.246410429    ,456573.232361188    ,,136-817
커피수공업,까페,영업/정상,서울특별시 성북구 고려대로 51 (안암동2가),서울특별시 성북구 안암동2가 118-8 ,202145.459633429    ,453789.976871751    ,,136-072
센스,까페,영업/정상,"서울특별시 성북구 돌곶이로 167-2, 1층 (장위동)",서울특별시 성북구 장위동 237-145 ,204362.64718057     ,457080.520266341    ,,136-833
이디야,까페,영업/정상,"서울특별시 성북구 보문로 111 (보문동2가,(1층))",서울특별시 성북구 보문동2가 133 (1층) ,201639.847319927    ,453626.953946851    ,,136-082
구포국수,까페,영업/정상,서울특별시 성북구 성북로12길 2 (성북동),서울특별시 성북구 성북동 170-46 ,200164.417762321    ,454485.33653721     ,,136-825
카페옆에,까페,영업/정상,서울특별시 성북구 아리랑로 23 (동소문동6가),서울특별시 성북구 동소문동6가 229 ,201320.712752833    ,454728.588065837    ,,136-036
머그,까페,영업/정상,"서울특별시 성북구 동소문로20가길 32, 1층 (동선동1가)",서울특별시 성북구 동선동1가 93 ,201529.841975864    ,454511.247847132    ,029267100,136-051
곤죠,까페,영업/정상,서울특별시 성북구 동소문로2길 57 (동소문동2가),서울특별시 성북구 동소문동2가 283 ,200746.999419307    ,454048.968124083    ,0236729638,136-032
목화,까페,영업/정상,서울특별시 성북구 한천로 584 (석관동),서울특별시 성북구 석관동 182-40 ,205420.706431523    ,456593.412001192    ,029572378,136-817
룸메이트,까페,영업/정상,"서울특별시 성북구 보문로34길 59, 4층 (동선동1가)",서울특별시 성북구 동선동1가 79 ,201572.549031971    ,454313.316570965    ,024553919,136-051
도이타로카페,까페,영업/정상,"서울특별시 성북구 동소문로22길 33, 3층 (동선동1가)",서울특별시 성북구 동선동1가 85-98 3층 ,201538.999134372    ,454364.816140541    ,029450660,136-051
카페테인(Caffe TAIN),까페,영업/정상,"서울특별시 성북구 솔샘로1길 19, B101호 (정릉동)",서울특별시 성북구 정릉동 674-3 B101호,200279.459422208    ,456219.797491714    ,,136-845
수평선,까페,영업/정상,"서울특별시 성북구 장위로41길 8-8, 1층 (장위동)",서울특별시 성북구 장위동 75-399 ,204551.453714827    ,456932.387348782    ,,136-830
bbq 석관 행복점,까페,영업/정상,서울특별시 성북구 돌곶이로 7-1 (석관동),서울특별시 성북구 석관동 332-27 ,205389.924193052    ,455880.832351975    ,029178088,136-819
카페드라무르,까페,영업/정상,서울특별시 성북구 정릉로9길 44 (정릉동),서울특별시 성북구 정릉동 852-10 ,199859.459376476    ,456469.897707752    ,029188717,136-854
꽃샘,까페,영업/정상,서울특별시 성북구 삼양로 15-2 (길음동),서울특별시 성북구 길음동 1257-2 ,202107.205100152    ,455815.846802381    ,029182103,136-808
엘피바도읍,까페,영업/정상,서울특별시 성북구 삼선교로23길 32 (삼선동4가),서울특별시 성북구 삼선동4가 346 ,201140.318332667    ,454293.08224083     ,,136-044
샤브로21 성신여대,까페,영업/정상,"서울특별시 성북구 동소문로22길 25, 2층 (동선동1가)",서울특별시 성북구 동선동1가 85-87 ,201520.773889346    ,454399.707172428    ,029283717,136-051
사랑방,까페,영업/정상,서울특별시 성북구 삼양로 39-1 (길음동),서울특별시 성북구 길음동 1242-12 ,202023.099654832    ,456030.121521553    ,029433431,136-808
마스터빈스커피,까페,영업/정상,서울특별시 성북구 동소문로24가길 21 (동선동3가),서울특별시 성북구 동선동3가 248 ,201668.076011685    ,454364.557275394    ,029269295,136-053
시실리,까페,영업/정상,"서울특별시 성북구 장월로 116, 1층 (장위동)",서울특별시 성북구 장위동 236-8 1층 ,204237.272456148    ,457078.27443553     ,029197724,136-833
브라운브릭스,까페,영업/정상,"서울특별시 성북구 종암로23길 35 (종암동, 래미안세레니티 상가동 B111호)",서울특별시 성북구 종암동 133 래미안세레니티 상가동 B111호,202672.454331248    ,455214.336582624    ,,136-090
성수완당 성신여대점,까페,영업/정상,서울특별시 성북구 보문로34길 66 (동선동2가),서울특별시 성북구 동선동2가 135-29 ,201607.75928216     ,454288.20498225     ,,136-052
란,까페,영업/정상,서울특별시 성북구 정릉로 454-10 (종암동),서울특별시 성북구 종암동 124-69 ,202696.963255655    ,455636.978375539    ,029226849,136-863
커피명가 안암점,까페,영업/정상,서울특별시 성북구 안암로5길 40 (안암동4가),서울특별시 성북구 안암동4가 7 ,202003.302244168    ,453192.992416175    ,,136-074
장미,까페,영업/정상,서울특별시 성북구 장위로 92 (장위동),서울특별시 성북구 장위동 233-230 ,204069.360257914    ,456818.962229424    ,029878945,136-837
시골밥상,까페,영업/정상,"서울특별시 성북구 월곡로5나길 59 (종암동, 1층)",서울특별시 성북구 종암동 3-270 ,203113.936669519    ,455225.970345362    ,,136-864
갈채,까페,영업/정상,서울특별시 성북구 한천로89길 2 (장위동),서울특별시 성북구 장위동 115-72 ,205003.928579141    ,457050.168243178    ,,136-826
밤안개,까페,영업/정상,서울특별시 성북구 정릉로 454-3 (종암동),서울특별시 성북구 종암동 124-82 ,202735.259851171    ,455642.491026465    ,029276672,136-863
리틀빈스,까페,영업/정상,"서울특별시 성북구 화랑로11길 21 (하월곡동,(지상1~2층))",서울특별시 성북구 하월곡동 27-90 (지상1~2층) ,203602.635249819    ,455664.045755585    ,029422442,136-865
호프 테라스,까페,영업/정상,서울특별시 강북구 노해로 111 (수유동),서울특별시 강북구 수유동 680-18 ,202028.294562744    ,460327.437026963    ,029071142,142-888
솔샘포차,까페,영업/정상,서울특별시 강북구 삼양로 122 (미아동),서울특별시 강북구 미아동 637-182 ,201910.979114151    ,456932.136731952    ,,142-817
양지커피숍,까페,영업/정상,서울특별시 강북구 한천로 1086 (수유동),서울특별시 강북구 수유동 182-39 ,201960.13346664     ,460068.661687678    ,029931524,142-876
레테,까페,영업/정상,서울특별시 강북구 삼양로 529 (우이동),서울특별시 강북구 우이동 72-147 ,201096.94350712     ,460847.85580713     ,,142-892
가사부랑카,까페,영업/정상,서울특별시 강북구 삼양로 487 (수유동),서울특별시 강북구 수유동 285-4 ,201232.318628133    ,460466.734395604    ,029991449,142-070
카페로담,까페,영업/정상,"서울특별시 강북구 도봉로89길 9 (수유동,(도봉로 347-2))",서울특별시 강북구 수유동 191-43 (도봉로 347-2) ,202214.365913061    ,459631.227422039    ,,142-878
맛있는 포차,까페,영업/정상,"서울특별시 강북구 한천로132길 50 (번동,(지상1층))",서울특별시 강북구 번동 467-35 (지상1층) ,202581.288778184    ,459841.680031567    ,029948676,142-868
멸치국수,까페,영업/정상,"서울특별시 강북구 한천로 1019 (번동,(한천로 1023)(지상1층))",서울특별시 강북구 번동 417-32 (한천로 1023)(지상1층) ,202415.306694626    ,459610.395707398    ,029912330,142-864
카페 스타,까페,영업/정상,서울특별시 강북구 삼각산로 71 (수유동),서울특별시 강북구 수유동 410-280 ,201013.089627645    ,459750.601627715    ,,142-884
환희,까페,영업/정상,"서울특별시 강북구 삼양로46길 3 (미아동,(냉천길 3))",서울특별시 강북구 미아동 752-4 (냉천길 3) ,201703.091474731    ,457809.989137752    ,,142-816
샤모니,까페,영업/정상,서울특별시 강북구 삼양로 663 (우이동),서울특별시 강북구 우이동 15-3 ,201069.392748461    ,462184.345513249    ,029027007,142-871
광장호프치킨,까페,영업/정상,"서울특별시 강북구 삼양로 673, 2층 (우이동)",서울특별시 강북구 우이동 16-5 2층 ,201032.570986839    ,462268.254665642    ,0260147707,142-871
가족 Ⅱ,까페,영업/정상,서울특별시 강북구 도봉로8길 22 (미아동),서울특별시 강북구 미아동 860-196 ,202694.307504106    ,456672.933471884    ,,142-804
미래,까페,영업/정상,서울특별시 강북구 수유로 73 (수유동),서울특별시 강북구 수유동 1-72 ,201843.295633257    ,459336.268785913    ,029908285,142-890
석화,까페,영업/정상,서울특별시 강북구 삼양로 234 (미아동),서울특별시 강북구 미아동 760-126 ,201584.562239173    ,457984.365944       ,029878672,142-816
수유리조트,까페,영업/정상,"서울특별시 강북구 노해로8가길 45, 1,2층 (수유동)",서울특별시 강북구 수유동 221-18 ,201991.050727285    ,459747.450064259    ,,142-878
호림마차,까페,영업/정상,"서울특별시 강북구 도봉로 389 (수유동,(도봉로389)(지상1층))",서울특별시 강북구 수유동 168-5 (도봉로389)(지상1층) ,202500.035375214    ,459942.069114223    ,,142-876
호프광장,까페,영업/정상,서울특별시 강북구 한천로140길 48 (수유동),서울특별시 강북구 수유동 173-1 ,202473.542421708    ,459925.785003218    ,,142-876
까페421(cafe421),까페,영업/정상,"서울특별시 강북구 인수봉로52가길 28, 1층 102호 (수유동)",서울특별시 강북구 수유동 421-8 ,201162.299655925    ,459363.639365933    ,,142-870
분나 마프라트,까페,영업/정상,서울특별시 강북구 오현로28길 19 (번동),서울특별시 강북구 번동 306-23 ,203411.718137196    ,458346.758265218    ,,142-060
카페 엘파소(CAFE ELPASO),까페,영업/정상,"서울특별시 강북구 오패산로30길 21, 1층 (미아동)",서울특별시 강북구 미아동 83-4 1층 ,202997.053620502    ,456869.640801042    ,,142-800
영천이 카페,까페,영업/정상,서울특별시 강북구 삼양로 625-1 (우이동),서울특별시 강북구 우이동 41-9 103호 ,201134.577942442    ,461824.130497677    ,,142-871
위드커피(with coffee),까페,영업/정상,"서울특별시 강북구 솔샘로 174, sk상가2동 106호 (미아동)",서울특별시 강북구 미아동 1353 sk ,201045.611312321    ,457292.961457264    ,,142-100
갈채,까페,영업/정상,서울특별시 강북구 삼양로47길 32-6 (미아동),서울특별시 강북구 미아동 760-106 ,201462.891156865    ,457849.823662769    ,029848557,142-816
카페봉,까페,영업/정상,서울특별시 강북구 노해로 125 (수유동),서울특별시 강북구 수유동 723-13 ,202109.957698736    ,460446.928861391    ,,142-888
청맥,까페,영업/정상,"서울특별시 강북구 삼양로 302 (수유동,(삼양로302)(지상2층))",서울특별시 강북구 수유동 57-77 (삼양로302)(지상2층) ,201519.842226579    ,458670.791773799    ,,142-874
엔젤리너스 미아삼거리,까페,영업/정상,서울특별시 강북구 도봉로10나길 4 (미아동),서울특별시 강북구 미아동 55-58 ,202662.518740042    ,456781.562706794    ,,142-804
정,까페,영업/정상,"서울특별시 강북구 도봉로19길 23, 1층 (미아동)",서울특별시 강북구 미아동 373-29 ,202392.043910565    ,457294.473018315    ,,142-815
포천능이흑염소,까페,영업/정상,서울특별시 강북구 노해로 57 (수유동),서울특별시 강북구 수유동 39-30 ,201890.234914591    ,459823.772757334    ,,142-872
미소,까페,영업/정상,서울특별시 강북구 수유로 75 (수유동),서울특별시 강북구 수유동 1-66 ,201869.03357969     ,459336.943901577    ,029982022,142-890
자모크 커피 수유점,까페,영업/정상,서울특별시 강북구 노해로 23 (수유동),서울특별시 강북구 수유동 2-1 1층 ,201926.308614686    ,459483.67658657     ,029970770,142-872
수유커피호프,까페,영업/정상,"서울특별시 강북구 도봉로 259, 2층 (수유동)",서울특별시 강북구 수유동 54-6 2층 ,202019.506630267    ,458783.121470536    ,029981457,142-874
A.jO.C(아.저.씨),까페,영업/정상,서울특별시 강북구 도봉로68길 22 (미아동),서울특별시 강북구 미아동 190-2 ,202207.298690472    ,458714.538497673    ,,142-803
라이브 콘서트,까페,영업/정상,"서울특별시 강북구 한천로 1172, 지상4층 (수유동)",서울특별시 강북구 수유동 279-81 ,201298.786274227    ,460651.759132326    ,029009263,142-070
공간,까페,영업/정상,"서울특별시 강북구 월계로 53, 1,2층 108,202호 (미아동)",서울특별시 강북구 미아동 1318 ,203053.003583537    ,456622.678015493    ,,142-802
데미타스,까페,영업/정상,서울특별시 강북구 솔매로 113 (미아동),서울특별시 강북구 미아동 211-63 ,202116.718346177    ,458184.511812428    ,,142-811
우리호프,까페,영업/정상,서울특별시 강북구 도봉로96길 5-4 (번동),서울특별시 강북구 번동 464-15 ,202524.241570727    ,459818.119273243    ,029942829,142-868
란,까페,영업/정상,서울특별시 강북구 솔샘로 229 (미아동),서울특별시 강북구 미아동 838-24 ,201528.951799659    ,457529.531162245    ,,142-821
불나비,까페,영업/정상,"서울특별시 강북구 삼양로 104-1 (미아동,(삼양로 106))",서울특별시 강북구 미아동 637-411 (삼양로 106) ,201898.851127259    ,456766.479226559    ,,142-817
커피 오리진,까페,영업/정상,서울특별시 강북구 솔매로41길 39 (미아동),서울특별시 강북구 미아동 783-1 ,201956.923241764    ,458339.329331999    ,029888509,142-812
까페히로,까페,영업/정상,서울특별시 강북구 도봉로68길 34 (미아동),서울특별시 강북구 미아동 192-6 ,202252.803510569    ,458772.291563595    ,029460704,142-803
미즐 카페 엠(mizzle cafe M),까페,영업/정상,"서울특별시 강북구 4.19로 107, 1층 (수유동)",서울특별시 강북구 수유동 535-11 ,200268.349747275    ,460132.360315249    ,029995055,142-887
더벤티 미아롯데점,까페,영업/정상,서울특별시 강북구 도봉로10길 28 (미아동),서울특별시 강북구 미아동 860-296 ,202669.631597424    ,456835.906947039    ,029296694,142-804
이브릭,까페,영업/정상,서울특별시 강북구 4.19로12길 8 (수유동),서울특별시 강북구 수유동 567-66 ,200617.095576947    ,460474.309966886    ,029962358,142-070
밤하늘,까페,영업/정상,"서울특별시 강북구 삼양로 104-1 (미아동,(삼양로 106)(지상1층))",서울특별시 강북구 미아동 637-411 (삼양로 106)(지상1층) ,201898.851127259    ,456766.479226559    ,029885210,142-817
만나,까페,영업/정상,"서울특별시 강북구 솔매로46길 46 (미아동,(지상1층))",서울특별시 강북구 미아동 309-25 (지상1층) ,202235.011393939    ,457973.416526391    ,,142-812
약속,까페,영업/정상,"서울특별시 강북구 수유로 80 (수유동,지하1층)",서울특별시 강북구 수유동 7-13 지하1층 ,201912.965263714    ,459308.097592717    ,,142-891
라떼킹 북한산점,까페,영업/정상,서울특별시 강북구 4.19로 41-1 (수유동),서울특별시 강북구 수유동 567-6 ,200784.324666048    ,460513.364676154    ,,142-070
파조 쿠치나,까페,영업/정상,"서울특별시 강북구 인수봉로 239 (수유동, 삼각산드림빌 1층 102호)",서울특별시 강북구 수유동 521-50 ,200947.106358746    ,459758.993133126    ,,142-883
카페티,까페,영업/정상,서울특별시 강북구 노해로 12 (수유동),서울특별시 강북구 수유동 230-14 ,,,029908897,142-878
쥬얼리,까페,영업/정상,"서울특별시 도봉구 도당로 67 (방학동,지상1층)",서울특별시 도봉구 방학동 662-16 지상1층 ,203006.082849311    ,462421.727195608    ,029543354,132-848
새콤달콤,까페,영업/정상,"서울특별시 도봉구 도봉로152가길 112, 1층 (도봉동)",서울특별시 도봉구 도봉동 625-142 1층 ,203896.93188914     ,463561.210266064    ,,132-821
모래섬,까페,영업/정상,"서울특별시 도봉구 우이천로 182-1, 1층 (창동)",서울특별시 도봉구 창동 552-61 1층 ,203240.050069587    ,459388.20385583     ,029804062,132-917
로망스,까페,영업/정상,"서울특별시 도봉구 우이천로 192, 지상1층 (창동)",서울특별시 도봉구 창동 553-3 지상1층 ,203152.695206629    ,459443.092100429    ,,132-918
러브,까페,영업/정상,"서울특별시 도봉구 도봉로164길 12, 지상1층 (도봉동)",서울특별시 도봉구 도봉동 625-163 지상1층 ,203943.118502302    ,463713.743005459    ,029557774,132-821
별궁,까페,영업/정상,서울특별시 도봉구 도봉로147길 18 (방학동),서울특별시 도봉구 방학동 683-16 ,203609.435682257    ,462535.151240719    ,,132-850
불꽃,까페,영업/정상,"서울특별시 도봉구 도봉로152가길 130 (도봉동,지상1층)",서울특별시 도봉구 도봉동 625-154 지상1층 ,203913.748301541    ,463651.719867565    ,0234944123,132-821
다인,까페,영업/정상,"서울특별시 도봉구 덕릉로54길 40 (창동,1층)",서울특별시 도봉구 창동 552-4 1층 ,203298.50561777     ,459352.227507187    ,,132-917
첼로호프,까페,영업/정상,"서울특별시 도봉구 도당로 88, 지하1층 (방학동)",서울특별시 도봉구 방학동 696-12 지하1층 ,203177.308355978    ,462538.07533432     ,029568625,132-852
눈동자,까페,영업/정상,"서울특별시 도봉구 도당로 58, 1층 (방학동)",서울특별시 도봉구 방학동 693-32 1층 ,203005.816385024    ,462322.842572655    ,,132-851
풍경,까페,영업/정상,"서울특별시 도봉구 도봉로152가길 112, 1층 (도봉동)",서울특별시 도봉구 도봉동 625-142 1층 ,203896.93188914     ,463561.210266064    ,,132-821
야화,까페,영업/정상,"서울특별시 도봉구 방학로2길 64 (방학동,지상1층)",서울특별시 도봉구 방학동 683-46 지상1층 ,203550.241424226    ,462599.820725101    ,029566345,132-850
행운,까페,영업/정상,서울특별시 도봉구 우이천로 196 (창동),서울특별시 도봉구 창동 553-28 ,203128.371682668    ,459448.709342824    ,029072204,132-918
만남,까페,영업/정상,"서울특별시 도봉구 도봉로152가길 162, 1호 (도봉동)",서울특별시 도봉구 도봉동 92-67 ,203928.230832508    ,463819.61772237     ,,132-802
사랑,까페,영업/정상,"서울특별시 도봉구 방학로2길 68, 지상1층 (방학동)",서울특별시 도봉구 방학동 683 지상1층 ,203550.469403248    ,462621.795631661    ,0234940208,132-850
100억,까페,영업/정상,"서울특별시 노원구 노해로81길 22-6, 라동 B01호 (상계동)",서울특별시 노원구 상계동 616-1 외 3필지 라동 B01호 ,205497.536945124    ,461490.516638964    ,,139-821
설빙 노원역점,까페,영업/정상,"서울특별시 노원구 상계로 65, 203,204호 (상계동, 현성빌딩)","서울특별시 노원구 상계동 602-3 현성빌딩 203,2호",205420.745734828    ,461559.290918189    ,029528970,139-821
카페하루,까페,영업/정상,"서울특별시 노원구 동일로173가길 104, 1층 1호 (공릉동, 원우B/D)",서울특별시 노원구 공릉동 569-1 ,206325.634693104    ,457839.107834365    ,,139-240
커피는 기억의 끌림,까페,영업/정상,"서울특별시 노원구 석계로 98-1, 1층 (월계동)",서울특별시 노원구 월계동 414-2 지상1층 ,205324.5066403      ,457891.649337524    ,,139-846
올스톤커피하우스,까페,영업/정상,"서울특별시 노원구 공릉로 229-1, 101동 1203호 (공릉동)",서울특별시 노원구 공릉동 437-4 비발디캐슬 101동 1203호,206643.169553321    ,458571.921859007    ,029790508,139-804
카페정색(色),까페,영업/정상,,서울특별시 노원구 상계동 0 6구역 44블럭 1롯트 건영아파트 1층 122호 ,,,,139-879
이디야 상계동점,까페,영업/정상,"서울특별시 노원구 한글비석로52길 8, 1층, 중1층 (상계동)","서울특별시 노원구 상계동 456-132 1층, 중1층 ",205794.407854123    ,462501.199095576    ,,139-820
공릉카페,까페,영업/정상,"서울특별시 노원구 동일로180길 14, 4층 (공릉동)",서울특별시 노원구 공릉동 581-1 4층 ,206578.976039388    ,457736.364674901    ,029488877,139-240
까페 본동,까페,영업/정상,서울특별시 노원구 중계로 144 (중계동),서울특별시 노원구 중계동 79-12 ,207065.956693141    ,460624.131476754    ,,139-855
클라우드,까페,영업/정상,서울특별시 노원구 화랑로 337-23 (월계동),서울특별시 노원구 월계동 62-6 ,205661.918985377    ,457071.334937371    ,,139-841
커피블러썸(coffee blossom),까페,영업/정상,"서울특별시 노원구 노원로34길 62, 1층 (상계동)",서울특별시 노원구 상계동 430-4 ,205747.195855209    ,462144.941627936    ,029305222,139-820
502세컨즈카페,까페,영업/정상,"서울특별시 노원구 섬밭로 232, 1층 (하계동, 현우빌딩)",서울특별시 노원구 하계동 270 현우빌딩 1층 ,205789.71844701     ,459389.694394683    ,029794305,139-873
호감카페,까페,영업/정상,"서울특별시 노원구 노해로81길 22-26, 5층 (상계동)",서울특별시 노원구 상계동 332-1 5층 ,205577.182825495    ,461503.027645486    ,029307393,139-816
블러썸(Blossom),까페,영업/정상,"서울특별시 노원구 노해로85길 1, 6층 (상계동)",서울특별시 노원구 상계동 323-29 ,205673.59365732     ,461470.967887664    ,029336346,139-816
빽다방 석계역문화공원점,까페,영업/정상,"서울특별시 노원구 석계로3길 3, 한주빌딩 2층 202호 (월계동)",서울특별시 노원구 월계동 47-3 한주빌딩 ,205612.142360606    ,457025.976372498    ,029410766,139-841
이디야광운대점,까페,영업/정상,서울특별시 노원구 광운로 29 (월계동),서울특별시 노원구 월계동 465-10 ,205088.372178381    ,457555.772756946    ,029115698,139-845
케이,까페,영업/정상,"서울특별시 노원구 중계로19길 48, 1층 103호 (중계동, 유치원상가)",서울특별시 노원구 중계동 360-15 ,206487.136124328    ,460693.059404881    ,,139-860
날보러와요,까페,영업/정상,"서울특별시 노원구 초안산로2라길 37, 1층 (월계동)",서울특별시 노원구 월계동 276-20 1층 ,205088.001098184    ,458745.237441966    ,,139-848
설기커피(coffee),까페,영업/정상,"서울특별시 노원구 덕릉로83길 3-22, 1층 (중계동)",서울특별시 노원구 중계동 154-44 ,206450.128446935    ,461916.375956886    ,,139-856
북카페마을과마디,까페,영업/정상,서울특별시 노원구 화랑로 464 (공릉동),서울특별시 노원구 공릉동 657-7 ,206893.549361934    ,457351.549639154    ,029771318,139-808
서봉포차,까페,영업/정상,"서울특별시 노원구 동일로192길 58, 2층 (공릉동)",서울특별시 노원구 공릉동 392-18 2층 ,206650.845181426    ,458270.000391611    ,,139-803
냇가,까페,영업/정상,"서울특별시 노원구 동일로242길 16-1 (상계동, 1119-53)",서울특별시 노원구 상계동 1119-53 ,204900.378049191    ,463667.005301864    ,,139-837
노코커피앤티,까페,영업/정상,"서울특별시 노원구 노해로75길 14-2, 1층 우측호 (상계동, 중앙빌딩)",서울특별시 노원구 상계동 704 중앙빌딩 1층 우측 ,205015.889474416    ,461323.920685342    ,,139-942
춘삼월,까페,영업/정상,"서울특별시 노원구 한글비석로20길 43 (중계동,4층)",서울특별시 노원구 중계동 141-7 4층 ,206478.953824173    ,462079.711467389    ,,139-856
공간이음,까페,영업/정상,"서울특별시 노원구 공릉로34길 10-2, 3층 (공릉동)",서울특별시 노원구 공릉동 240-94 3층 ,206974.612262359    ,457779.165925375    ,029486586,139-800
Lit coffee bar,까페,영업/정상,"서울특별시 노원구 공릉로 119-5, 1층 (공릉동, 이지스퀘어)",서울특별시 노원구 공릉동 589-21 이지스퀘어 1층 ,206830.728662417    ,457636.7420377      ,,139-240
형광커피(H.Kaffee),까페,영업/정상,서울특별시 노원구 공릉로 187 (공릉동),서울특별시 노원구 공릉동 408-4 ,206895.205500601    ,458235.622434059    ,,139-804
사는동안,까페,영업/정상,"서울특별시 은평구 증산로15길 11-4 (증산동, 1층)",서울특별시 은평구 증산동 157-37 1층 ,192110.605735443    ,454063.675793241    ,023723755,122-935
느낌,까페,영업/정상,"서울특별시 은평구 통일로83길 13, 지하1층 (갈현동)",서울특별시 은평구 갈현동 403-20 지하1층 ,192723.890004808    ,457606.669938063    ,,122-810
카페 9기압,까페,영업/정상,"서울특별시 은평구 불광로 20 (대조동, 팜스퀘어 8층 D10, D15호)","서울특별시 은평구 대조동 240 팜스퀘어 8층 D10, D15호 ",193661.732383169    ,456379.193899276    ,,122-837
맹커피숍,까페,영업/정상,"서울특별시 은평구 불광로 27, 지하1층 (대조동)",서울특별시 은평구 대조동 12-12 지하1층 ,193644.387745991    ,456494.757634643    ,023841188,122-837
약속,까페,영업/정상,"서울특별시 은평구 불광로 40, 지하1층 (불광동)",서울특별시 은평구 불광동 281-90 지하1층 ,193772.4154223      ,456524.720077678    ,023823333,122-858
목련,까페,영업/정상,"서울특별시 은평구 진흥로 120, 지하1층 (녹번동)",서울특별시 은평구 녹번동 144-59 지하1층 ,193196.106085786    ,456083.665330333    ,023588045,122-833
투데이,까페,영업/정상,"서울특별시 은평구 증산로15길 10, 1층 (신사동)",서울특별시 은평구 신사동 339-14 1층 ,192151.133435951    ,454081.96345196     ,023066611,122-891
키스,까페,영업/정상,"서울특별시 은평구 수색로18길 6-1, 지하1층 (수색동)",서울특별시 은평구 수색동 365-5 지하1층 ,190598.189195444    ,453471.710953048    ,023757790,122-878
커피리브,까페,영업/정상,"서울특별시 은평구 통일로83길 24 (갈현동, 1층)",서울특별시 은평구 갈현동 429-34 1층 ,192624.289001764    ,457621.941986677    ,,122-810
칼라커피숍,까페,영업/정상,"서울특별시 은평구 연서로 180, 지하1층 (대조동)",서울특별시 은평구 대조동 220-10 지하1층 ,192703.521506317    ,456949.22017962     ,023897439,122-844
커피애인,까페,영업/정상,"서울특별시 은평구 연서로21길 16-1 (갈현동, 1층)",서울특별시 은평구 갈현동 477-37 1층 ,192518.653129151    ,456966.325262031    ,,122-813
라이브카페마운트,까페,영업/정상,,"서울특별시 은평구 진관동 85 외 10필지(지상2층) c동 201,202호",193391.469166166    ,459336.064333802    ,023554440,122-200
허니와,까페,영업/정상,"서울특별시 은평구 연서로 14, 1층 101호 (역촌동, 거성리젠시아파트)",서울특별시 은평구 역촌동 44-6 거성리젠시아파트 제1층 제101호 ,192555.375576509    ,455329.126641468    ,,122-899
에로스,까페,영업/정상,서울특별시 은평구 수색로18길 4-17 (수색동),서울특별시 은평구 수색동 367-8 ,190645.744795077    ,453447.564947981    ,0203038617,122-878
로스팅 포테이토,까페,영업/정상,"서울특별시 은평구 연서로27길 7-1, 1,2층 (갈현동)","서울특별시 은평구 갈현동 481-4 1,2층 ",192725.534722335    ,457253.941763283    ,,122-959
유토피아 카페,까페,영업/정상,"서울특별시 은평구 연서로27길 16-8 (갈현동, 2층)",서울특별시 은평구 갈현동 454-3 2층 ,192706.726045058    ,457344.810985845    ,,122-959
신미방,까페,영업/정상,"서울특별시 은평구 연서로29길 14-5, 지상2층 (갈현동)",서울특별시 은평구 갈현동 400-9 (지상2층) ,192757.634849036    ,457444.483537459    ,023554111,122-809
Good Day(굿데이),까페,영업/정상,"서울특별시 은평구 서오릉로 72, 지하1층 (대조동)",서울특별시 은평구 대조동 179-49 (지하1층) ,193103.533640734    ,456061.473870763    ,023578801,122-841
용궁커피호프,까페,영업/정상,"서울특별시 은평구 연서로 267-1, 2층 (불광동)",서울특별시 은평구 불광동 314-4 2층 ,193252.461146339    ,457585.904647586    ,,122-860
빌리레시피,까페,영업/정상,"서울특별시 은평구 응암로16길 8-21, 동산빌리지 1층 (응암동)",서울특별시 은평구 응암동 357 동산빌리지 ,192736.38627851     ,454276.25436112     ,,122-919
키즈카페폭스맘,까페,영업/정상,"서울특별시 서대문구 홍제내길 12, 1-2층 (홍제동)",서울특별시 서대문구 홍제동 361-45 ,194376.451380291    ,453438.321354591    ,,120-861
나띵벗커피,까페,영업/정상,서울특별시 서대문구 이화여대3길 42-15 (대현동),서울특별시 서대문구 대현동 27-17 ,194920.516986156    ,450664.613192849    ,,120-808
쿠파,까페,영업/정상,"서울특별시 서대문구 신촌로3길 29, 1층 (창천동)",서울특별시 서대문구 창천동 288 1층 ,193689.935327461    ,450782.779604632    ,,120-836
산타비,까페,영업/정상,"서울특별시 서대문구 이화여대길 26, 2층 (대현동, 별관)","서울특별시 서대문구 대현동 54-9 외 1필지, 2층별관 ",195167.079408119    ,450633.914892119    ,023939707,120-808
카페러빈(Cafe Lovin),까페,영업/정상,"서울특별시 서대문구 홍은중앙로 132, 1층 (홍은동)",서울특별시 서대문구 홍은동 8-114 ,195437.291037763    ,455521.138091877    ,,120-841
에쏘하우스(ESSO HOUSE),까페,영업/정상,서울특별시 서대문구 연희로36길 10 (연희동),,194337.001303949    ,452923.136704818    ,,
주식회사 컬쳐컴플랙스,까페,영업/정상,"서울특별시 서대문구 연세로4길 6 (창천동,(지상4층))",서울특별시 서대문구 창천동 18-11 (지상4층) ,194395.366178307    ,450516.764333702    ,,120-833
더로프트,까페,영업/정상,"서울특별시 서대문구 연대동문길 18 (대신동,(지상6층))",서울특별시 서대문구 대신동 50-3 (지상6층) ,194944.610127428    ,451234.605950077    ,023933181,120-160
연대북문 우리집,까페,영업/정상,서울특별시 서대문구 연희로26길 23 (연희동),서울특별시 서대문구 연희동 75-18 ,194361.577518452    ,452304.161300596    ,023332330,120-823
늘해랑 인터내셔널,까페,영업/정상,"서울특별시 서대문구 거북골로 150, 1층 (북가좌동, 령천교회)",서울특별시 서대문구 북가좌동 107-5 1층 령천교회 ,192261.335867445    ,452589.777746069    ,023731390,120-813
몰리스,까페,영업/정상,"서울특별시 서대문구 연세로5다길 22-7 (창천동, 2층)",서울특별시 서대문구 창천동 62-21 2층 ,194133.117971234    ,450521.675152727    ,0260152442,120-834
인앤아웃커피,까페,영업/정상,서울특별시 서대문구 세검정로 51-1 (홍제동),서울특별시 서대문구 홍제동 266-233 ,195237.569772116    ,454495.601629192    ,,120-857
웰빙전통차,까페,영업/정상,"서울특별시 서대문구 신촌로37안길 8 (북아현동,(지상2층))",서울특별시 서대문구 북아현동 134-20 (지상2층) ,196088.330702877    ,450635.866396438    ,,120-819
마룬여유,까페,영업/정상,"서울특별시 서대문구 연희로26가길 14, 지층 (연희동)",서울특별시 서대문구 연희동 75-3 지하1층 ,194329.855020059    ,452373.860654986    ,023250050,120-823
매머드익스프레스 서대문경찰서점,까페,영업/정상,"서울특별시 서대문구 통일로 107, 1층 (미근동)",서울특별시 서대문구 미근동 193 1층 ,197053.685372291    ,451356.95456879     ,023137734,120-020
카페 나무야,까페,영업/정상,서울특별시 서대문구 서소문로 43-22 (합동),서울특별시 서대문구 합동 31-7 ,196863.328815216    ,450972.013836422    ,,120-030
이디아,까페,영업/정상,서울특별시 서대문구 신촌역로 35 (창천동),서울특별시 서대문구 창천동 4-1 ,194758.941084215    ,450743.866719656    ,,120-833
밀크밤(MILK BOMB),까페,영업/정상,"서울특별시 서대문구 통일로39길 28, 1층 (홍제동)",서울특별시 서대문구 홍제동 308-213 1층 ,194883.569008781    ,453960.342665097    ,0222683840,120-859
정육면체,까페,영업/정상,"서울특별시 서대문구 연세로5다길 22-8, 101호 (창천동)",서울특별시 서대문구 창천동 62-18 ,194151.00106776     ,450508.340385859    ,,120-834
소빈커피,까페,영업/정상,서울특별시 서대문구 연희로10길 40 (연희동),서울특별시 서대문구 연희동 292-1 ,193955.65360772     ,451451.8034291      ,,120-830
아메노히커피점,까페,영업/정상,"서울특별시 서대문구 신촌로 9, 2층 (창천동)",서울특별시 서대문구 창천동 508-2 ,193574.735214254    ,450698.02097957     ,,120-836
커피팝(coffee pop),까페,영업/정상,"서울특별시 서대문구 연희맛로 5 (연희동,지하1층, 지상1층)","서울특별시 서대문구 연희동 192-10 지하1층, 지상1층 ",193613.345324312    ,451541.061489537    ,07042517888,120-825
구복,까페,영업/정상,"서울특별시 서대문구 연세로4길 26, 지상1층 (창천동)",서울특별시 서대문구 창천동 13-49 ,194478.183042427    ,450573.822921861    ,0203656999,120-833
더 에스프레소룸,까페,영업/정상,"서울특별시 서대문구 충정로6길 51, 1층 101호 (미근동)",서울특별시 서대문구 미근동 96-1 1층 101호,197061.149730671    ,451124.527273795    ,,120-020
Lunaming,까페,영업/정상,"서울특별시 서대문구 연희로 18, 1층 (창천동, 좌측)",서울특별시 서대문구 창천동 496 ,193469.969615391    ,450905.737812377    ,0323308343,120-836
카페로이,까페,영업/정상,서울특별시 서대문구 연희로 241 (연희동),서울특별시 서대문구 연희동 163-1 ,194254.012175268    ,452939.377219936    ,,120-827
제니스까페(Jenny's cafe),까페,영업/정상,서울특별시 서대문구 연희맛로 17-49 (연희동),서울특별시 서대문구 연희동 190-1 ,193651.466003085    ,451636.898924877    ,,120-825
네코노키친,까페,영업/정상,"서울특별시 서대문구 거북골로 33-4, 지하1층 (남가좌동)","서울특별시 서대문구 남가좌동 324-42 , 지하1층 ",193218.957513137    ,452998.691691594    ,07075721156,120-120
"같이,가치(Gachi Gachi)",까페,영업/정상,"서울특별시 서대문구 증가로10길 36-8, 지하1층~1층 (남가좌동)",서울특별시 서대문구 남가좌동 342-4 지하1층~1층 ,193246.337472616    ,452910.497449741    ,,120-807
들꽃카페,까페,영업/정상,서울특별시 서대문구 연희로 261 (홍은동),서울특별시 서대문구 홍은동 275-7 ,194246.653607374    ,453110.798180772    ,,120-847
딥,까페,영업/정상,"서울특별시 서대문구 가재울로4길 22, 1층 왼쪽호 (남가좌동)",서울특별시 서대문구 남가좌동 78-40 ,193145.765226587    ,452512.995192251    ,,120-801
긴자료코 연희점,까페,영업/정상,서울특별시 서대문구 연희로12길 8 (연희동),서울특별시 서대문구 연희동 187-45 101호 ,193871.958460345    ,451598.577829902    ,023361525,120-825
BGT 호도 단팥빵 북아현동점,까페,영업/정상,"서울특별시 서대문구 북아현로 58 (북아현동,(지상1층))",서울특별시 서대문구 북아현동 3-129 (지상1층) ,196017.137674468    ,451138.110394278    ,023121110,120-818
솔리드웍스,까페,영업/정상,"서울특별시 서대문구 이화여대길 88-3, 1층 104호 (대현동, 대현동빌딩)",서울특별시 서대문구 대현동 142-17 지상1층 104호,194937.182540521    ,450780.967214683    ,07047958437,120-809
더리퀴드,까페,영업/정상,"서울특별시 서대문구 연세로9길 23, 지하1층 (창천동)",서울특별시 서대문구 창천동 52-45 지하1층 ,194232.960217877    ,450688.643331971    ,,120-834
베가,까페,영업/정상,서울특별시 서대문구 거북골로 33-4 (남가좌동),서울특별시 서대문구 남가좌동 324-42 ,193218.957513137    ,452998.691691594    ,023728254,120-806
어뮤즈 그라운드,까페,영업/정상,"서울특별시 서대문구 가재울로4길 67, 1층 (남가좌동)",서울특별시 서대문구 남가좌동 338-40 1층 ,193281.599002951    ,452698.533288013    ,63391838,120-806
앨리스(Alice),까페,영업/정상,서울특별시 서대문구 이화여대길 52-31 (대현동),서울특별시 서대문구 대현동 34-23 ,195047.001270875    ,450799.549307576    ,,120-808
브로큰탬퍼(본점),까페,영업/정상,서울특별시 서대문구 불광천길 170 (북가좌동),서울특별시 서대문구 북가좌동 344-9 ,191954.977539121    ,453367.470662439    ,,120-814
고프고프(goff goff),까페,영업/정상,"서울특별시 서대문구 충정로6길 35, 1층 (미근동, (좌측))",서울특별시 서대문구 미근동 61-1 ,196978.43287642     ,451143.066930436    ,023123747,120-020
작소,까페,영업/정상,"서울특별시 마포구 양화로6길 72 (합정동,2층)",서울특별시 마포구 합정동 411-6 2층 ,192693.547918003    ,449579.038261566    ,0260814770,121-883
파크 애비뉴(Park Avenue),까페,영업/정상,"서울특별시 마포구 성미산로26길 32-2 (연남동, 1층일부)",서울특별시 마포구 연남동 257-12 1층일부 ,193126.412796841    ,451135.556378619    ,023343966,121-865
야키토리 현,까페,영업/정상,서울특별시 마포구 도화2안길 5 (도화동),서울특별시 마포구 도화동 7-5 ,195417.22247371     ,448617.406236022    ,,121-812
리코,까페,영업/정상,"서울특별시 마포구 마포대로12길 57 (공덕동, 1층)",서울특별시 마포구 공덕동 242-15 ,195909.443523552    ,449329.501740509    ,027176777,121-803
라스트춘선 홍대,까페,영업/정상,"서울특별시 마포구 어울마당로 55-8 (서교동,1층)",서울특별시 마포구 서교동 405-11 1층 ,192909.745462991    ,449788.58595688     ,,121-895
심플리타이합정점(SIMPLY THAI),까페,영업/정상,"서울특별시 마포구 양화로6길 57 (서교동,1층)",서울특별시 마포구 서교동 396-36 1층 ,192632.086674225    ,449620.747250251    ,023384275,121-840
에반하우스,까페,영업/정상,"서울특별시 마포구 월드컵로10길 37 (서교동, 1층)",서울특별시 마포구 서교동 477-28 ,192291.211116204    ,450344.151081594    ,023220504,121-896
다다랩,까페,영업/정상,"서울특별시 마포구 월드컵로15길 17, 시우 지층 (망원동)",서울특별시 마포구 망원동 376-9 시우 ,191871.092239573    ,450430.996630324    ,,121-820
아톰의 비밀기지,까페,영업/정상,"서울특별시 마포구 양화로6길 79 (서교동, 1층)",서울특별시 마포구 서교동 400-11 ,192742.205835265    ,449589.921216185    ,,121-895
(주)앤트러사이트커피,까페,영업/정상,"서울특별시 마포구 토정로5길 10 (합정동,2층)",서울특별시 마포구 합정동 357-6 2층 ,192717.806656866    ,449288.523903882    ,,121-883
쿠바킹,까페,영업/정상,"서울특별시 마포구 와우산로29바길 5-3 (서교동,지1층)",서울특별시 마포구 서교동 332-23 지1층 ,193433.472251734    ,450415.310635512    ,,121-836
마익스케빈,까페,영업/정상,"서울특별시 마포구 어울마당로 94-13 (서교동, 지하1층)",서울특별시 마포구 서교동 358-110 ,193079.464519518    ,450099.855488183    ,,121-838
삼삼오오커피공작소,까페,영업/정상,"서울특별시 마포구 월드컵북로12길 20 (성산동, 1층일부)",서울특별시 마포구 성산동 208-1 1층일부(우측) ,192492.266937214    ,451064.698741733    ,023232148,121-846
(주)보나비아티제메세나폴리스점,까페,영업/정상,"서울특별시 마포구 양화로 45 (서교동, 메세나폴리스 B1층 1121~1124호)",서울특별시 마포구 서교동 490 ,192311.642580307    ,449855.643910445    ,023220018,121-841
언플러그드,까페,영업/정상,"서울특별시 마포구 와우산로33길 26 (서교동, 1층)",서울특별시 마포구 서교동 326-18 ,193675.477979612    ,450361.503595428    ,,121-836
이리카페,까페,영업/정상,"서울특별시 마포구 와우산로3길 27 (상수동, 1층)",서울특별시 마포구 상수동 337-4 ,193000.393315076    ,449291.069684687    ,,121-829
더 파인트,까페,영업/정상,"서울특별시 마포구 월드컵로23길 5, 2층 (망원동)",서울특별시 마포구 망원동 57-364 ,191832.408744709    ,450574.47914051     ,,121-820
거북이,까페,영업/정상,서울특별시 마포구 마포대로12길 22 (공덕동),서울특별시 마포구 공덕동 242-30 ,195930.706216537    ,449522.090042763    ,,121-803
루카스초이스,까페,영업/정상,"서울특별시 마포구 월드컵로10길 40, 제1층 101호 (서교동, 성진빌딩)",서울특별시 마포구 서교동 478-14 성진빌딩제1층 101호,192318.428125303    ,450318.656837054    ,,121-839
손탁,까페,영업/정상,"서울특별시 마포구 동교로 60, 1층 (합정동, 화진리버빌)",서울특별시 마포구 합정동 432-6 화진리버빌 ,191876.551442822    ,450106.19726271     ,,121-887
36.5도여름,까페,영업/정상,"서울특별시 마포구 월드컵북로 42 (연남동, 1층)",서울특별시 마포구 연남동 571-3 ,192726.05849942     ,450678.104687582    ,,121-869
아우라(AURA),까페,영업/정상,"서울특별시 마포구 잔다리로 41 (서교동, 1층일부,2층일부,3층일부)",서울특별시 마포구 서교동 395-8 ,192765.034742915    ,449960.787211076    ,07088331005,121-840
슈퍼보드,까페,영업/정상,"서울특별시 마포구 어울마당로 98 (서교동,3층)",서울특별시 마포구 서교동 358-67 3층 ,193063.635576603    ,450156.109883979    ,31410317,121-838
마당,까페,영업/정상,"서울특별시 마포구 토정로14길 9, 1,2층 (구수동)","서울특별시 마포구 구수동 96 1,2층 ",193980.025767172    ,449188.533422093    ,,121-130
수염,까페,영업/정상,"서울특별시 마포구 와우산로29마길 21, 1층 (서교동)",서울특별시 마포구 서교동 333-43 1층 ,193431.975642115    ,450312.609670449    ,,121-836
틈,까페,영업/정상,"서울특별시 마포구 와우산로3길 46 (당인동, 1층)",서울특별시 마포구 당인동 25-29 ,192897.688341255    ,449278.534233284    ,,121-180
등촌샤브칼국수상암점,까페,영업/정상,"서울특별시 마포구 월드컵북로56길 9 (상암동, 우리기술빌딩 201호)",서울특별시 마포구 상암동 1593 ,189988.285119266    ,453238.148137922    ,,121-835
트래블카페,까페,영업/정상,"서울특별시 마포구 어울마당로5길 26, 1층 (서교동)",서울특별시 마포구 서교동 398-11 ,192791.930103393    ,449695.286074539    ,,121-840
오색오미,까페,영업/정상,"서울특별시 마포구 월드컵로26길 39 (성산동, 시민공간나루 101,102호)",서울특별시 마포구 성산동 249-10 ,191972.21226346     ,450804.09077791     ,07032604327,121-847
빠리쌀롱,까페,영업/정상,"서울특별시 마포구 토정로 12-7 (합정동, 1층)",서울특별시 마포구 합정동 197-9 ,192194.407444764    ,449236.144866059    ,,121-883
메가엠지씨커피 동교점,까페,영업/정상,"서울특별시 마포구 월드컵북로6길 64 (동교동, 1층 일부)",서울특별시 마포구 동교동 204-6 ,193015.72678089     ,450794.119576737    ,023350656,121-819
도하정 마포역점,까페,영업/정상,"서울특별시 마포구 마포대로4길 38 (도화동, 1층)",서울특별시 마포구 도화동 65 1층 ,195209.558633915    ,448421.125402498    ,,121-812
오쭈꾸미 홍대본점,까페,영업/정상,"서울특별시 마포구 어울마당로 136-16 (서교동, 지하1층)",서울특별시 마포구 서교동 347-6 지하1층 ,193332.981589883    ,450390.588312277    ,,121-837
배스킨라빈스홍대상상마당,까페,영업/정상,"서울특별시 마포구 어울마당로 61, 지상1층 (서교동)",서울특별시 마포구 서교동 405-2 ,192949.664803569    ,449806.717609161    ,,121-895
공차 홍대서교점,까페,영업/정상,"서울특별시 마포구 어울마당로 49, 1층 (서교동)",서울특별시 마포구 서교동 403-14 1층 ,192918.587605581    ,449703.597558014    ,,121-895
니드커피,까페,영업/정상,"서울특별시 마포구 상암산로 76 (상암동, YTN뉴스퀘어 지1층일부)",서울특별시 마포구 상암동 1607 YTN뉴스퀘어 지1층일부 ,190417.746373575    ,452995.277230914    ,,121-904
36.5도씨 여름,까페,영업/정상,"서울특별시 마포구 와우산로29길 9 (서교동,지상3층)",서울특별시 마포구 서교동 337-1 지상3층 ,193671.180240617    ,450262.835803692    ,,121-836
(주)맨케이브,까페,영업/정상,"서울특별시 마포구 임정로 81, 2층 (공덕동)",서울특별시 마포구 공덕동 111-127 ,196379.695803334    ,449331.505387339    ,07041014980,121-801
커피사피엔스,까페,영업/정상,"서울특별시 마포구 월드컵북로 402, 137호 (상암동, KGIT센터)",서울특별시 마포구 상암동 1601 KGIT센터 137호,190125.564768858    ,453090.149821248    ,0263935222,121-904
이삭(홍대점),까페,영업/정상,"서울특별시 마포구 와우산로 93 (서교동, 2층)",서울특별시 마포구 서교동 358-28 ,193211.644775578    ,450056.34123839     ,,121-838
올굿,까페,영업/정상,"서울특별시 마포구 새창로 18-1, 지하1층 (도화동)",서울특별시 마포구 도화동 38-1 ,195687.4891523      ,448854.029874982    ,,121-812
밥스바비연남점,까페,영업/정상,"서울특별시 마포구 동교로 225 (연남동, 1층 일부)",서울특별시 마포구 연남동 358-1 ,193194.919383183    ,450887.063662706    ,,121-866
뉴페이스(NewFace),까페,영업/정상,"서울특별시 마포구 와우산로21길 34 (서교동, 5층)",서울특별시 마포구 서교동 358-46 ,193052.920262645    ,450032.520124617    ,,121-838
카페엘(cafe Aile),까페,영업/정상,"서울특별시 마포구 성암로 189 (상암동, 중소기업DMC타워 지하1층 11호)",서울특별시 마포구 상암동 1622 ,190909.280217808    ,452720.136638715    ,0231519979,121-904
잘알지도못하면서,까페,영업/정상,"서울특별시 마포구 와우산로 150-1 (창전동,외2필지 2층)",서울특별시 마포구 창전동 5-85 외2필지 2층 ,193735.982255928    ,450233.031079308    ,,121-880
카페엘리,까페,영업/정상,"서울특별시 마포구 월드컵북로6길 12 (동교동, 1층 일부)",서울특별시 마포구 동교동 203-10 ,192828.566688727    ,450618.969095476    ,,121-819
트라이브,까페,영업/정상,"서울특별시 마포구 독막로3길 7 (합정동,지하1층)",서울특별시 마포구 합정동 413-15 지하1층 ,192542.569040825    ,449613.772162164    ,,121-883
서울펍,까페,영업/정상,"서울특별시 마포구 와우산로 73 (서교동, 2층)",서울특별시 마포구 서교동 363-1 ,193124.971427482    ,449865.247189557    ,,121-837
카페아비오(cafe Avvio),까페,영업/정상,"서울특별시 마포구 성미산로 82 (성산동, 1층 일부)",서울특별시 마포구 성산동 226-10 ,192602.128311396    ,450924.666686682    ,,121-846
빌리프커피로스터스,까페,영업/정상,"서울특별시 마포구 양화로11길 50, 1층 (서교동)",서울특별시 마포구 서교동 384-3 1층 ,192331.666076392    ,450011.211875707    ,,121-839
옻칠갤러리카페,까페,영업/정상,"서울특별시 마포구 월드컵북로2길 33, 1층 (동교동)",서울특별시 마포구 동교동 158-16 ,193077.812501761    ,450503.303627133    ,023383636,121-898
빈브라더스(BEAN BROTHERS),까페,영업/정상,"서울특별시 마포구 토정로 35-1, 1층 (합정동)",서울특별시 마포구 합정동 368-3 1층 ,192419.57271734     ,449276.875878198    ,,121-897
페어리쿠키,까페,영업/정상,"서울특별시 마포구 토정로 192 (구수동, 2층일부)",서울특별시 마포구 구수동 68-8 외1필지 2층일부 ,193938.78595938     ,449222.448051881    ,0260845767,121-130
또바기치킨 서교점,까페,영업/정상,서울특별시 마포구 월드컵북로5나길 13 (서교동),서울특별시 마포구 서교동 451-35 ,192546.901865647    ,450540.119836827    ,023244495,121-841
홍루이젠대흥역점,까페,영업/정상,"서울특별시 마포구 백범로 115, 1층 (염리동)",서울특별시 마포구 염리동 178-16 ,194993.077238468    ,449434.991798303    ,027196573,121-874
약수터,까페,영업/정상,"서울특별시 마포구 독막로2길 12 (합정동, 1층)",서울특별시 마포구 합정동 372-29 ,192377.125905714    ,449534.275045822    ,,121-897
대흥다방,까페,영업/정상,"서울특별시 마포구 백범로 101 (대흥동,2층)",서울특별시 마포구 대흥동 150-1 2층 ,194868.559078649    ,449500.620937191    ,027011797,121-809
연남어리,까페,영업/정상,"서울특별시 마포구 동교로 257 (연남동, 지하1층)",서울특별시 마포구 연남동 229-56 지하1층 ,193273.530269838    ,451175.288546339    ,,121-865
친구 라이브,까페,영업/정상,"서울특별시 마포구 동교로 156-12, 지1층 (서교동, 코이멕스빌딩)",서울특별시 마포구 서교동 352-3 코이멕스빌딩 지1층 ,192841.694608513    ,450318.397351448    ,,121-838
샐러드앤가든 공덕점,까페,영업/정상,서울특별시 마포구 마포대로8길 19 (공덕동),서울특별시 마포구 공덕동 249-23 1층 ,195882.663609302    ,449346.102406419    ,,121-803
모카리아,까페,영업/정상,"서울특별시 마포구 월드컵북로44길 76-12 (상암동, 1층)",서울특별시 마포구 상암동 11-7 1층 ,190576.095555815    ,452867.572459938    ,,121-830
아지트(Agit),까페,영업/정상,"서울특별시 마포구 동교로 177 (동교동, 지하1층)",서울특별시 마포구 동교동 201-33 ,192980.620056242    ,450473.517101373    ,0264014988,121-819
소코아(SOKOA),까페,영업/정상,"서울특별시 마포구 와우산로15길 49 (서교동, 1층)",서울특별시 마포구 서교동 411-12 ,192943.99153252     ,449600.92005552     ,023255202,121-895
맨하탄그릴&바(Manhattan Grill & Bar),까페,영업/정상,"서울특별시 마포구 월드컵북로58길 15 (상암동,스탠포드호텔코리아 지하1층 일부)",서울특별시 마포구 상암동 1587 스탠포드호텔코리아 지하1층 일부 ,189919.550051873    ,453342.222208599    ,0260160001,121-835
어가둥둥,까페,영업/정상,"서울특별시 마포구 동교로17길 28 (서교동, 1층)",서울특별시 마포구 서교동 451-3 ,192477.902711279    ,450445.221173127    ,,121-841
버즈,까페,영업/정상,"서울특별시 마포구 와우산로 51 (상수동,지하1층)",서울특별시 마포구 상수동 93-86 지하1층 ,193111.469146893    ,449650.318310167    ,,121-828
빌리프커피로스터스,까페,영업/정상,"서울특별시 마포구 양화로11길 50 (서교동, 지하1층일부)",서울특별시 마포구 서교동 384-3 지하1층일부 ,192331.666076392    ,450011.211875707    ,,121-839
빵,까페,영업/정상,"서울특별시 마포구 와우산로29길 12 (서교동,지하1층)",서울특별시 마포구 서교동 327-18 지하1층 ,193682.040300784    ,450289.965867322    ,,121-836
카페하임,까페,영업/정상,"서울특별시 마포구 월드컵로25길 26 (망원동, 마포영화블렌하임 101동 16,18,19호)","서울특별시 마포구 망원동 517 마포영화블렌하임 101동 16,18,19호 ",191651.529315787    ,450694.803472189    ,,121-827
치플레,까페,영업/정상,"서울특별시 마포구 동교로 262-9 (연남동, 1층)",서울특별시 마포구 연남동 387-10 1층 ,193361.058619759    ,451174.83466073     ,,121-867
일렌토,까페,영업/정상,"서울특별시 마포구 포은로 52-1 (합정동,지상1층)",서울특별시 마포구 합정동 433-60 지상1층 ,191702.83876517     ,449995.356920098    ,,121-887
메가박스중앙(주)상암월드컵경기장지점,까페,영업/정상,"서울특별시 마포구 월드컵로 240 (성산동, 월드컵몰내 1층 일부)",서울특별시 마포구 성산동 515 ,,,,121-849
토라비,까페,영업/정상,"서울특별시 마포구 와우산로29바길 24 (서교동, 2층)",서울특별시 마포구 서교동 347-12 ,193354.645552963    ,450360.181095017    ,64088038,121-837
메가엠지씨커피 상암하늘초점,까페,영업/정상,"서울특별시 마포구 월드컵북로 496 (상암동, 1층일부)",서울특별시 마포구 상암동 1739 1층일부 ,189343.018197048    ,453624.815904288    ,,121-270
아바(ABBA),까페,영업/정상,"서울특별시 마포구 월드컵로1길 40, 지1층 (합정동)",서울특별시 마포구 합정동 388-32 지1층 ,192042.824974292    ,449691.078208526    ,,121-885
우리동네나무그늘,까페,영업/정상,"서울특별시 마포구 월드컵북로 75, 1층 일부호 (성산동)",서울특별시 마포구 성산동 231-15 ,192493.306978877    ,450912.140489863    ,0264085775,121-846
삭,까페,영업/정상,"서울특별시 마포구 독막로 71 (상수동,1층)",서울특별시 마포구 상수동 315-8 1층 ,192980.923557727    ,449527.383470047    ,0264090504,121-829
청년문화공간JU,까페,영업/정상,"서울특별시 마포구 월드컵북로2길 49, 1층 (동교동, 가톨릭청년센터)",서울특별시 마포구 동교동 158-2 ,193131.185732112    ,450553.390053869    ,,121-898
히피히피셰이크,까페,영업/정상,"서울특별시 마포구 양화로21길 21, 지층 (동교동)",서울특별시 마포구 동교동 154-1 지층 ,193288.456586659    ,450758.185575859    ,,121-816
살사리까,까페,영업/정상,"서울특별시 마포구 양화로11길 22, 1층 (서교동)",서울특별시 마포구 서교동 380-15 1층 ,192468.951889925    ,450000.56393487     ,,121-894
신스(Shins) 홍대카페&아이스크림,까페,영업/정상,"서울특별시 마포구 와우산로21길 21-14 (서교동, 지하1층)",서울특별시 마포구 서교동 364-11 ,193045.248566355    ,449950.934140965    ,,121-893
신촌나누미(주),까페,영업/정상,"서울특별시 마포구 신촌로12길 12 (동교동, 신촌성결교회1층 일부)",서울특별시 마포구 동교동 186-43 ,193950.050340006    ,450400.490168218    ,,121-899
티12(T12),까페,영업/정상,"서울특별시 마포구 와우산로19길 15 (서교동,지하1.2층)",서울특별시 마포구 서교동 363-22 지하1.2층 ,193061.448315193    ,449881.602974104    ,,121-837
아날로그가든,까페,영업/정상,"서울특별시 마포구 동교로 145, 1층 (서교동)",서울특별시 마포구 서교동 446-58 1층 ,192688.105830778    ,450358.296273429    ,,121-841
낮달,까페,영업/정상,"서울특별시 마포구 독막로5길 8, 1층 (합정동)",서울특별시 마포구 합정동 411-7 ,192686.593934585    ,449567.525598464    ,,121-883
포근한 다락방 카페,까페,영업/정상,"서울특별시 마포구 신촌로12길 28 (동교동,1층)",서울특별시 마포구 동교동 186-16 1층 ,193965.734110014    ,450324.673279236    ,,121-899
매직큐브시즌2,까페,영업/정상,"서울특별시 마포구 홍익로6길 10 (동교동, 5층)",서울특별시 마포구 동교동 163-9 ,193098.944933442    ,450307.193144521    ,0231435525,121-817
칼디커피,까페,영업/정상,"서울특별시 마포구 와우산로29길 54 (서교동, 1,2층)",서울특별시 마포구 서교동 330-10 ,193504.163787195    ,450413.087544401    ,023337603,121-836
파이브푸,까페,영업/정상,"서울특별시 마포구 양화로 19 (합정동, 오피스빌딩 지하1층 102호)",서울특별시 마포구 합정동 471 ,192085.635166001    ,449653.704695179    ,,121-888
브루브로스커피(BREWBROSCOFFEE),까페,영업/정상,"서울특별시 마포구 잔다리로6길 20-6, 1층 (서교동)",서울특별시 마포구 서교동 368-30 ,192882.821017365    ,449968.468036057    ,,121-893
뚜깡(Tucan),까페,영업/정상,서울특별시 마포구 백범로2길 46 (노고산동),서울특별시 마포구 노고산동 109-3 ,194159.849864981    ,450116.187787432    ,,121-807
스트레인지플룻,까페,영업/정상,"서울특별시 마포구 와우산로29길 64 (서교동,지층)",서울특별시 마포구 서교동 330-15 지층 ,193462.020722141    ,450444.333982095    ,,121-836
더402키친,까페,영업/정상,"서울특별시 마포구 독막로 140, 101호 (창전동, 세방테크빌)",서울특별시 마포구 창전동 402-17 ,193668.281711675    ,449455.414949568    ,,121-882
파파존스홍대,까페,영업/정상,"서울특별시 마포구 독막로 93, 2층 (상수동)",서울특별시 마포구 상수동 309-3 ,193193.672659913    ,449519.991412852    ,,121-829
연남살롱,까페,영업/정상,"서울특별시 마포구 성미산로 122-1, 1층 (연남동)",서울특별시 마포구 연남동 504-33 1층 ,192906.263333333    ,451152.587244131    ,,121-869
뚜띠쿠치나,까페,영업/정상,"서울특별시 마포구 월드컵북로 400, 서울산업진흥원 1층 A111호 (상암동)",서울특별시 마포구 상암동 1602 서울산업진흥원 ,190182.067334395    ,453141.676626027    ,,121-904
준지의 아름다운 하루,까페,영업/정상,"서울특별시 마포구 독막로 48, 2층 (합정동)",서울특별시 마포구 합정동 354-23 ,192743.947547204    ,449501.102882225    ,,121-883
테일러바(Tailor Bar),까페,영업/정상,"서울특별시 마포구 삼개로 11 (도화동, 지하1층 일부)",서울특별시 마포구 도화동 201-39 ,195314.033874515    ,448573.290097476    ,027011108,121-813
펠앤콜,까페,영업/정상,"서울특별시 마포구 와우산로 39-21, 지하1층 2호 (상수동)",서울특별시 마포구 상수동 310-11 ,193052.302168396    ,449547.10057106     ,07044111434,121-829
칠이타코,까페,영업/정상,"서울특별시 마포구 와우산로3길 11 (상수동, 1층)",서울특별시 마포구 상수동 341-4 ,193070.316580336    ,449306.168293377    ,07040843414,121-829
포레스트엠,까페,영업/정상,"서울특별시 마포구 잔다리로 110 (서교동, 1층)",서울특별시 마포구 서교동 458-26 ,192375.904252733    ,450513.262871151    ,,121-842
해피토스,까페,영업/정상,"서울특별시 마포구 잔다리로6길 34-5 (서교동, 2층)",서울특별시 마포구 서교동 366-14 2층 ,192962.592329907    ,449985.026323224    ,,121-893
당인리극장,까페,영업/정상,"서울특별시 마포구 양화로6길 21 (서교동, 2층)",서울특별시 마포구 서교동 394-20 ,192461.91622867     ,449668.65347039     ,,121-893
자색,까페,영업/정상,"서울특별시 마포구 와우산로17길 25 (서교동,지하 1층)",서울특별시 마포구 서교동 408-6 지하 1층 ,192989.067479961    ,449760.325945328    ,,121-895
나무와숲,까페,영업/정상,"서울특별시 마포구 와우산로 155 (서교동, 1층일부)",서울특별시 마포구 서교동 327-11 1층일부 ,193737.407759698    ,450291.097497828    ,,121-836
코브 하우스,까페,영업/정상,"서울특별시 마포구 와우산로 39-15 (상수동, 1층)",서울특별시 마포구 상수동 310-12 ,193050.262965683    ,449533.955136511    ,,121-829
곰셰프네,까페,영업/정상,"서울특별시 마포구 연남로 17 (연남동, 1층 일부)",서울특별시 마포구 연남동 566-64 ,193086.171639658    ,450993.844393427    ,,121-869
라이브 음악나무,까페,영업/정상,"서울특별시 마포구 토정로 284-2 (용강동,2층)",서울특별시 마포구 용강동 122-4 2층 ,194714.860017895    ,448802.105083441    ,027044917,121-876
라룬비올레,까페,영업/정상,"서울특별시 마포구 월드컵북로4길 25, 1층 일부호 (동교동)",서울특별시 마포구 동교동 203-40 ,192941.799049529    ,450595.391678631    ,,121-819
정광수의 돈까스가게,까페,영업/정상,"서울특별시 마포구 포은로 128, 1층 3호 (망원동)",,191455.745677709    ,450671.643815822    ,,
가비애,까페,영업/정상,"서울특별시 마포구 와우산로 147-1 (서교동, 1층 일부, 2층)",서울특별시 마포구 서교동 337-3 ,193699.386650302    ,450244.549544103    ,,121-836
혜원출판사(1984),까페,영업/정상,"서울특별시 마포구 동교로 194, 1층 (동교동)",서울특별시 마포구 동교동 158-24 ,193114.548461844    ,450571.53158318     ,023251984,121-898
마뽀즈(Ma Pause),까페,영업/정상,"서울특별시 마포구 양화로6길 60 (합정동,1층)",서울특별시 마포구 합정동 412-2 1층 ,192630.073045512    ,449591.837307121    ,023327701,121-883
커피랩,까페,영업/정상,"서울특별시 마포구 와우산로29길 14 (서교동,1층)",서울특별시 마포구 서교동 327-19 1층 ,193677.343430687    ,450303.009799533    ,,121-836
팬트리11,까페,영업/정상,"서울특별시 마포구 만리재로 74, 2층 224호 (신공덕동, 신공덕2차삼성래미안상가2)",서울특별시 마포구 신공덕동 159 외2필지 신공덕2차삼성래미안상가2  2층 224호,196221.545738817    ,449347.258524764    ,,121-853
메종,까페,영업/정상,"서울특별시 마포구 양화로 57 (서교동, 지하1층)",서울특별시 마포구 서교동 393-12 ,192389.577705728    ,449800.665277736    ,,121-839
훠궈나라 홍대직영점,까페,영업/정상,서울특별시 마포구 어울마당로 133 (동교동),서울특별시 마포구 동교동 164-33 ,193272.927933811    ,450445.956413944    ,,121-817
준스앤 파트너스,까페,영업/정상,"서울특별시 마포구 와우산로19길 6-11, 지하2층 (서교동)",서울특별시 마포구 서교동 362-14 ,193114.290755083    ,449945.84360325     ,,121-837
기영이 숯불두마리치킨 홍대점,까페,영업/정상,"서울특별시 마포구 월드컵북로5나길 18 (서교동,대우 미래사랑 1층 101호)",서울특별시 마포구 서교동 487 대우 미래사랑 1층 101호 ,192577.990805265    ,450569.670545853    ,,121-841
서교동김밥,까페,영업/정상,"서울특별시 마포구 동교로 140 (서교동, 1층일부)",서울특별시 마포구 서교동 464-62 ,192651.218737807    ,450314.115550997    ,023739078,121-842
바다,까페,영업/정상,"서울특별시 마포구 홍익로3길 11 (서교동,2층)",서울특별시 마포구 서교동 365-5 2층 ,193050.201375027    ,450174.445163385    ,023371818,121-893
우드스탁,까페,영업/정상,"서울특별시 마포구 독막로7길 53 (서교동,지층)",서울특별시 마포구 서교동 395-21 지층 ,192846.692595437    ,449772.444333354    ,,121-840
토리비 합정점,까페,영업/정상,"서울특별시 마포구 독막로 31-3 (합정동, 1층일부)",서울특별시 마포구 합정동 412-27 1층일부 ,192590.530333772    ,449589.201367796    ,,121-883
"피터, 폴&메리",까페,영업/정상,"서울특별시 마포구 도화길 42, 2층 (도화동)",서울특별시 마포구 도화동 182-6 2층 ,195543.867545557    ,448806.629514746    ,,121-812
수지앤파스타,까페,영업/정상,"서울특별시 마포구 독막로15길 3-18 (상수동,지하1층)",서울특별시 마포구 상수동 313-1 지하1층 ,192974.588423143    ,449604.255830512    ,,121-829
투썸플레이스 상암우리센터,까페,영업/정상,"서울특별시 마포구 월드컵북로60길 17 (상암동, 1층)",서울특별시 마포구 상암동 1585 ,189857.576601267    ,453460.99884432     ,023762388,121-835
홍대 무드 커피 앤 비어,까페,영업/정상,"서울특별시 마포구 서강로9길 48, 지상1층 (창전동)",서울특별시 마포구 창전동 5-11 ,193847.115536167    ,450223.492804284    ,028242037,121-880
쿠나,까페,영업/정상,"서울특별시 마포구 어울마당로 136-3 (서교동,1층)",서울특별시 마포구 서교동 331-13 1층 ,193326.184349271    ,450419.073075376    ,,121-836
럭키스트라이크,까페,영업/정상,"서울특별시 마포구 양화로19길 22 (동교동, 1층)",서울특별시 마포구 동교동 154-32 ,193208.104699637    ,450685.039503853    ,023327287,121-816
주식회사 물과나무(요리하는 도깨비 오니),까페,영업/정상,"서울특별시 마포구 어울마당로 75 (서교동,2,3층)","서울특별시 마포구 서교동 366-19 2,3층 ",192975.680424702    ,449959.035561913    ,023338193,121-893
계주상회,까페,영업/정상,"서울특별시 마포구 와우산로29바길 5 (서교동, 1층)",서울특별시 마포구 서교동 332-22 ,193424.277688861    ,450422.307681079    ,023262824,121-836
디스코플래닛,까페,영업/정상,"서울특별시 마포구 동교로 144-13 (서교동, 1층 일부)",서울특별시 마포구 서교동 463-32 ,192724.100442314    ,450271.775960988    ,027635222,121-842
아이,까페,영업/정상,"서울특별시 마포구 어울마당로 44-1 (서교동, 3층)",서울특별시 마포구 서교동 408-27 ,192948.75126595     ,449633.552030935    ,,121-895
서교동398,까페,영업/정상,"서울특별시 마포구 어울마당로5길 36 (서교동, 1층)",서울특별시 마포구 서교동 398 8 ,192746.395275509    ,449721.981541375    ,,121-840
커피브라운,까페,영업/정상,서울특별시 마포구 어울마당로 119 (동교동),서울특별시 마포구 동교동 163-13 ,193160.860914881    ,450354.845413159    ,023248080,121-817
커파우스,까페,영업/정상,"서울특별시 마포구 새창로 12 (도화동,1층)",서울특별시 마포구 도화동 183-17 1층 ,195625.940966801    ,448872.227177361    ,,121-812
빠끼또,까페,영업/정상,"서울특별시 마포구 성미산로17길 4, 1층 (연남동)",서울특별시 마포구 연남동 487-105 1층 ,192717.881755593    ,451057.950528439    ,0264076064,121-868
짬뽕위에더짬뽕,까페,영업/정상,"서울특별시 마포구 동교로27길 27, 1층 (동교동)",서울특별시 마포구 동교동 204-11 1층 ,193043.91990696     ,450768.907464246    ,,121-819
(주)나인나인,까페,영업/정상,"서울특별시 마포구 양화로16길 14-16, 엘케이빌딩 1층 (서교동)",서울특별시 마포구 서교동 370-12 엘케이빌딩 ,192865.802289839    ,450058.593504589    ,,121-893
달콤한거짓말,까페,영업/정상,"서울특별시 마포구 독막로 61-4 (상수동,1,2층)","서울특별시 마포구 상수동 317-11 1,2층 ",192912.588093015    ,449537.114610326    ,0231421992,121-829
나마나마,까페,영업/정상,"서울특별시 마포구 양화로10길 36, 지층층 (서교동)",서울특별시 마포구 서교동 397-3 ,192695.273414255    ,449787.156685348    ,,121-840
이츠모라멘,까페,영업/정상,"서울특별시 마포구 와우산로23길 18-7 (서교동, 2층 일부)",서울특별시 마포구 서교동 342-16 ,193269.534854976    ,450194.349248023    ,07075510316,121-837
달팽이가 그린 집,까페,영업/정상,서울특별시 마포구 백범로36가길 76 (염리동),서울특별시 마포구 염리동 159-9 ,195146.978718953    ,449265.093209935    ,,121-873
한담,까페,영업/정상,"서울특별시 마포구 양화로7길 49 (서교동, 1층)",서울특별시 마포구 서교동 382-2 1층 ,192317.741968817    ,450063.481534401    ,,121-839
나들목,까페,영업/정상,"서울특별시 마포구 독막로14길 31, 1층 (상수동)",서울특별시 마포구 상수동 324-10 ,193090.372703877    ,449471.854052504    ,,121-829
미스터릴라,까페,영업/정상,서울특별시 마포구 대흥로 188 (대흥동),서울특별시 마포구 대흥동 2-72 2층 ,195171.475240752    ,450393.313704075    ,,121-808
상수리,까페,영업/정상,"서울특별시 마포구 독막로 86 (상수동,지층)",서울특별시 마포구 상수동 324-9 지층 ,193105.308889985    ,449473.447829865    ,,121-829
더피자보이즈(The Pizza Boyz),까페,영업/정상,"서울특별시 마포구 와우산로29마길 24-1 (서교동,지하1층)",서울특별시 마포구 서교동 332-33 지하1층 ,193397.176043095    ,450334.732697313    ,,121-836
몽,까페,영업/정상,"서울특별시 마포구 와우산로21길 12-6 (서교동, 지하1층 일부)",서울특별시 마포구 서교동 358-92 ,193137.838493757    ,450054.092468304    ,,121-838
그레이트후카바투,까페,영업/정상,"서울특별시 마포구 와우산로17길 19 (서교동,지층)",서울특별시 마포구 서교동 409-17 지층 ,193028.355590585    ,449760.771242829    ,,121-895
재머스,까페,영업/정상,서울특별시 마포구 와우산로 120 (창전동),서울특별시 마포구 창전동 6-139 지하1층 ,193457.670376759    ,450096.713769546    ,023253914,121-880
한정식카페,까페,영업/정상,"서울특별시 마포구 독막로6길 6 (합정동, 1층)",서울특별시 마포구 합정동 363-17 ,192634.650735448    ,449503.404129014    ,,121-884
투비,까페,영업/정상,"서울특별시 마포구 독막로9길 3, 1층 (서교동)",서울특별시 마포구 서교동 401-15 ,192810.340862317    ,449593.196030403    ,,121-895
산쪼메홍대점,까페,영업/정상,"서울특별시 마포구 홍익로3길 5 (서교동,2층)",서울특별시 마포구 서교동 365-3 2층 ,193067.477002991    ,450207.263125603    ,,121-893
우주,까페,영업/정상,"서울특별시 마포구 와우산로29길 30 (서교동,2층)",서울특별시 마포구 서교동 328-19 2층 ,193604.701336811    ,450347.007857559    ,023265111,121-836
비츠비츠,까페,영업/정상,"서울특별시 마포구 어울마당로 120 (서교동, 2층)",서울특별시 마포구 서교동 345-1 ,193173.542975555    ,450327.015496685    ,,121-837
홍타이루,까페,영업/정상,"서울특별시 마포구 홍익로6길 21 (동교동,지하1층)",서울특별시 마포구 동교동 162-14 지하1층 ,193115.093128181    ,450360.624339264    ,07088463479,121-817
missik,까페,영업/정상,"서울특별시 마포구 성미산로 189-5 (연남동, 2층일부)",서울특별시 마포구 연남동 224-60 ,193438.226299008    ,451214.571087712    ,,121-865
태경카페,까페,영업/정상,서울특별시 마포구 와우산로23길 42 (서교동),서울특별시 마포구 서교동 346-33 3층 일부 ,193186.243327629    ,450271.883692287    ,,121-837
케이트앤케이크(KATENCAKE),까페,영업/정상,"서울특별시 마포구 동교로 142-10 (서교동, 1층)",서울특별시 마포구 서교동 464-65 ,192674.565994563    ,450280.543643649    ,,121-842
추억속으로,까페,영업/정상,서울특별시 마포구 동교로 지하 254 (연남동),서울특별시 마포구 연남동 228-42 ,193273.046526461    ,451131.648369626    ,,121-865
그랑,까페,영업/정상,"서울특별시 마포구 월드컵북로6길 98 (동교동, 1~2층)",서울특별시 마포구 동교동 197-39 ,193144.178015428    ,450901.522210831    ,023254764,121-898
베리비지버거(VERYBUSYBURGER),까페,영업/정상,서울특별시 마포구 성지1길 27 (합정동),서울특별시 마포구 합정동 364-24 ,192412.110779189    ,449545.52892969     ,,121-884
브라우나비,까페,영업/정상,"서울특별시 마포구 독막로 260 (대흥동,1층)",서울특별시 마포구 대흥동 405-14 1층 ,194828.86631208     ,449306.533164448    ,,121-811
밀로커피,까페,영업/정상,"서울특별시 마포구 양화로18안길 36 (동교동,지상1층)",서울특별시 마포구 동교동 170-32 지상1층 ,193446.741895927    ,450533.401411927    ,025543916,121-818
팔로피자(Falopizza),까페,영업/정상,"서울특별시 마포구 양화로6길 9-20 (서교동, 1층)",서울특별시 마포구 서교동 394-65 ,192477.78674047     ,449739.632726424    ,,121-893
오뎅파는집,까페,영업/정상,"서울특별시 마포구 동교로32길 5, 2층 (연남동)",서울특별시 마포구 연남동 260-47 ,193272.781796829    ,450952.297635963    ,,121-865
트래블메이커,까페,영업/정상,"서울특별시 마포구 양화로21길 43, 2층 (동교동)",서울특별시 마포구 동교동 152-4 ,193227.404798015    ,450854.86912791     ,,121-816
모토,까페,영업/정상,"서울특별시 마포구 독막로3길 24-10 (서교동, 지하1층 일부)",서울특별시 마포구 서교동 396-27 ,192626.322505278    ,449645.01155379     ,,121-840
오사카데스 서울합정점,까페,영업/정상,"서울특별시 마포구 양화로6길 57-7 (서교동, 지1층 일부)",서울특별시 마포구 서교동 396-24 ,192642.411535808    ,449642.286477042    ,,121-840
에프에프,까페,영업/정상,"서울특별시 마포구 와우산로17길 12 (서교동,B)",서울특별시 마포구 서교동 407-8 B ,193064.769065115    ,449782.170245523    ,0231410626,121-895
럭키스트라이크,까페,영업/정상,"서울특별시 마포구 독막로3길 7 (합정동,1층)",서울특별시 마포구 합정동 413-15 1층 ,192542.569040825    ,449613.772162164    ,,121-883
봉구비어 홍대산울림점,까페,영업/정상,서울특별시 마포구 와우산로32길 17 (서교동),서울특별시 마포구 서교동 325-9 ,193847.152159043    ,450280.421232892    ,028885028,121-836
퍼넬스페셜티커피하우스,까페,영업/정상,"서울특별시 마포구 숭문길 58, 1층 102호 (염리동, 염리삼성래미안상가)",서울특별시 마포구 염리동 520 염리삼성래미안상가 1층 102호,195228.918161534    ,449634.74859808     ,,121-874
나쁜여자(플로렌스),까페,영업/정상,"서울특별시 마포구 동교로 182-5, 지하1층 (동교동)",서울특별시 마포구 동교동 158-17 지하1층 ,193059.129985791    ,450492.637723561    ,023379115,121-898
제비,까페,영업/정상,"서울특별시 마포구 와우산로 24, 지층,1층 (상수동)",서울특별시 마포구 상수동 330-12 ,193135.469653352    ,449377.853155107    ,,121-829
너구리베이글,까페,영업/정상,"서울특별시 마포구 양화로6길 49 (서교동, 1층)",서울특별시 마포구 서교동 396-33 ,192593.540068705    ,449629.447020388    ,023331775,121-840
키친485,까페,영업/정상,"서울특별시 마포구 양화로6길 67 (서교동, 1층 우측)",서울특별시 마포구 서교동 399-24 ,192683.268760741    ,449608.324922344    ,0315148649,121-840
탄두르(TANDOOR),까페,영업/정상,"서울특별시 마포구 와우산로27길 27, 201호 (서교동,새봄빌딩 2층)",서울특별시 마포구 서교동 339-3 새봄빌딩 2층 201호,193461.750821002    ,450226.869061846    ,,121-837
옥 주막,까페,영업/정상,"서울특별시 마포구 백범로24길 1-10 (염리동, 1층)",서울특별시 마포구 염리동 157-12 1층 ,195105.482032288    ,449280.060443554    ,,121-873
메이비 케이크 홍대본점,까페,영업/정상,"서울특별시 마포구 와우산로30길 15 (창전동,1층)",서울특별시 마포구 창전동 5-80 1층 ,193738.347149709    ,450198.826424684    ,,121-880
도돌곱창전골,까페,영업/정상,"서울특별시 마포구 월드컵로3길 31-4, 1층 101호 (합정동)",서울특별시 마포구 합정동 388-2 1층 101호,192050.627991031    ,449771.175458357    ,,121-885
조선시대,까페,영업/정상,"서울특별시 마포구 홍익로3길 44, 지1층 (서교동, 호곡빌딩 )",서울특별시 마포구 서교동 369-4 ,192984.709426979    ,450043.418101686    ,,121-893
땡스네이처카페,까페,영업/정상,"서울특별시 마포구 홍익로 10 (서교동,서교푸르지오 지하121호)",서울특별시 마포구 서교동 486 서교푸르지오 지하121호 ,193187.802952358    ,450172.178899424    ,023357470,121-837
폴리스팬케이크,까페,영업/정상,"서울특별시 마포구 동교로38길 30, 27번지 2층 (연남동)",서울특별시 마포구 연남동 382-27 27번지 ,193345.902898625    ,451031.460237722    ,,121-867
그문화다방,까페,영업/정상,서울특별시 마포구 와우산로3길 49 (당인동),서울특별시 마포구 당인동 28-9 ,192889.117221997    ,449249.7510106      ,0231421429,121-180
아인(AHIN),까페,영업/정상,"서울특별시 마포구 동교로19길 73 (서교동, 1층일부)",서울특별시 마포구 서교동 247-30 외1필지 1층일부 ,192553.393698317    ,450685.775695233    ,,121-896
카타코토까페,까페,영업/정상,"서울특별시 마포구 동교로 148-6 (서교동, 지1층일부)",서울특별시 마포구 서교동 463-22 지1층일부 ,192735.722081792    ,450319.295077941    ,023379033,121-842
더블플레이치킨 홍대본점,까페,영업/정상,"서울특별시 마포구 동교로 201, 2층 (동교동)",서울특별시 마포구 동교동 200-24 2층 ,193122.547679096    ,450663.955453507    ,,121-819
카라,까페,영업/정상,서울특별시 마포구 신촌로34길 3 (아현동),서울특별시 마포구 아현동 330-7 ,195914.481456655    ,450532.886936301    ,023128487,121-859
리베로,까페,영업/정상,"서울특별시 마포구 월드컵북로 396 (상암동,누리꿈스퀘어 지하1층 1021호)",서울특별시 마포구 상암동 1605 누리꿈스퀘어 지하1층 1021호 ,190250.875091908    ,453017.867202928    ,0221328100,121-795
코메아벨렘(꼼마벨렘COMME A BELEM),까페,영업/정상,"서울특별시 마포구 동교로46길 42-3, 지1층 102호 (연남동)",서울특별시 마포구 연남동 227-4 ,193465.649999961    ,451075.35337245     ,,121-865
하늘은지붕위로,까페,영업/정상,"서울특별시 마포구 큰우물로 75 (도화동, 지하1층 8호)",서울특별시 마포구 도화동 538 ,195184.335899857    ,448780.26877488     ,,121-815
베사메무초,까페,영업/정상,"서울특별시 마포구 대흥로 78 (대흥동,1층)",서울특별시 마포구 대흥동 248-18 1층 ,194750.956105294    ,449423.393125672    ,,121-809
까페데미타스,까페,영업/정상,"서울특별시 마포구 큰우물로 75 (도화동, 성지빌딩 101호)",서울특별시 마포구 도화동 538 ,195184.335899857    ,448780.26877488     ,,121-815
프로그,까페,영업/정상,"서울특별시 마포구 포은로 61 (망원동, 1층 일부)",서울특별시 마포구 망원동 394-91 ,191648.572585573    ,450061.871502743    ,,121-821
탐스칼국수,까페,영업/정상,"서울특별시 마포구 와우산로37길 46 (동교동, 1층)",서울특별시 마포구 동교동 177-22 ,193621.548208984    ,450511.768486258    ,,121-818
베로키오,까페,영업/정상,"서울특별시 마포구 성미산로 19 (성산동, 1층)",서울특별시 마포구 성산동 250-15 ,192000.966073105    ,450707.658659326    ,023233071,121-847
이글서울(eagle seoul),까페,영업/정상,"서울특별시 마포구 마포대로 196, 고려아카데미텔 지하1층 11-2호 (아현동)",서울특별시 마포구 아현동 437-3 고려아카데미텔 ,196057.949965838    ,449897.213071289    ,,121-861
공간,까페,영업/정상,서울특별시 마포구 월드컵북로48길 41 (상암동),서울특별시 마포구 상암동 21-10 1층 ,190717.923063064    ,452820.225618092    ,,121-830
고양이다락방,까페,영업/정상,"서울특별시 마포구 홍익로6길 21 (동교동,3층)",서울특별시 마포구 동교동 162-14 3층 ,193115.093128181    ,450360.624339264    ,,121-817
홍대닭발 닭한마리,까페,영업/정상,"서울특별시 마포구 홍익로5안길 42, 1층 (서교동)",서울특별시 마포구 서교동 370-22 ,192911.747081933    ,450089.687964354    ,,121-893
미래안 홍대사주 타로 카페,까페,영업/정상,"서울특별시 마포구 어울마당로 120 (서교동,3층)",서울특별시 마포구 서교동 345-1 3층 ,193173.542975555    ,450327.015496685    ,023371869,121-837
오클리,까페,영업/정상,"서울특별시 마포구 동교로 174, 지하1층 (동교동)",서울특별시 마포구 동교동 161-7 ,192972.017451509    ,450422.623093172    ,,121-898
커피나라,까페,영업/정상,"서울특별시 마포구 성암로13길 45, 1층 (상암동)",서울특별시 마포구 상암동 1287 ,190886.15049674     ,452661.922396122    ,,121-835
음악의숲,까페,영업/정상,"서울특별시 마포구 도화4길 27 (도화동, 지1층일부)",서울특별시 마포구 도화동 200-16 지1층일부 ,195629.383844097    ,448722.558832974    ,027031268,121-813
미티(Meaty),까페,영업/정상,"서울특별시 마포구 독막로9길 43 (서교동, 1층일부)",서울특별시 마포구 서교동 404-8 1층일부 ,192904.943391743    ,449767.681918923    ,,121-895
와플샵 합정점,까페,영업/정상,"서울특별시 마포구 양화로6길 22 (합정동,1층)",서울특별시 마포구 합정동 413-4 1층 ,192460.531426423    ,449635.9655925      ,,121-883
달의계단,까페,영업/정상,"서울특별시 마포구 와우산로27길 74 (서교동, 2층 일부)",서울특별시 마포구 서교동 347-19 ,193287.205065352    ,450376.72707299     ,,121-837
Bar 오밥나무,까페,영업/정상,"서울특별시 마포구 홍익로2길 31 (서교동, 지하1층 일부)",서울특별시 마포구 서교동 346-50 ,193227.518371856    ,450310.188279235    ,,121-837
우지커피 망원한강공원점,까페,영업/정상,"서울특별시 마포구 망원로 22 (망원동, 1층,지하1층)",서울특별시 마포구 망원동 418-22 ,191037.166319078    ,450424.489251711    ,,121-903
위군,까페,영업/정상,"서울특별시 마포구 포은로 74 (망원동, 1층)",서울특별시 마포구 망원동 401-34 ,191611.411683663    ,450179.313503803    ,,121-820
도시락집米米,까페,영업/정상,"서울특별시 마포구 와우산로29가길 54-13, 1층 101호 (서교동)",서울특별시 마포구 서교동 340-6 ,193428.857086273    ,450233.304033359    ,023336213,121-837
델문도,까페,영업/정상,"서울특별시 마포구 잔다리로 19-6, 지상2층 (서교동)",서울특별시 마포구 서교동 405-15 ,192937.252318429    ,449806.449641212    ,,121-895
앨리스앤모노,까페,영업/정상,"서울특별시 마포구 성미산로5길 32 (성산동, 지1층일부)",서울특별시 마포구 성산동 30-3 지1층일부 ,192011.798065077    ,450870.074092833    ,,121-843
그레이 랩,까페,영업/정상,"서울특별시 마포구 토정로3길 16 (합정동, 1층)",서울특별시 마포구 합정동 367-9 ,192368.150997978    ,449336.018891922    ,023242361,121-897
서가네 식당,까페,영업/정상,"서울특별시 마포구 월드컵북로1길 26, 1층동 (서교동)",서울특별시 마포구 서교동 352-31 1층동 ,192848.484415125    ,450284.702517896    ,023345414,121-838
요!원(YO! ONE),까페,영업/정상,"서울특별시 마포구 동교로41길 41, 지하1층 (연남동)",서울특별시 마포구 연남동 254-24 지하1층 ,193119.46203741     ,451296.497147616    ,025687789,121-865
파란나무,까페,영업/정상,"서울특별시 마포구 마포대로 127, 207호 (공덕동,풍림VIP텔 2층)",서울특별시 마포구 공덕동 404 풍림VIP텔 2층 207호,195703.425296812    ,449330.800717721    ,,121-805
원 바,까페,영업/정상,"서울특별시 마포구 양화로 116 (서교동,지층)",서울특별시 마포구 서교동 371-1 지층 ,192862.297949325    ,450164.134608836    ,0231425394,121-893
주식회사 뉴욕베이글&피자,까페,영업/정상,"서울특별시 마포구 매봉산로 72 (상암동, 1층)",서울특별시 마포구 상암동 11-5 ,190531.862187359    ,452861.264788611    ,,121-830
로프커피(LOAF COFFEE),까페,영업/정상,"서울특별시 마포구 포은로 14 (합정동, 수성빌딩 1층 일부)",서울특별시 마포구 합정동 393-18 ,191915.925383386    ,449694.867292456    ,,121-886
클럽에반스,까페,영업/정상,서울특별시 마포구 와우산로 63 (서교동),서울특별시 마포구 서교동 407-3 ,193112.929042152    ,449780.695944701    ,023378361,121-895
녹스,까페,영업/정상,"서울특별시 마포구 삼개로 5 (도화동, 지하1층)",서울특별시 마포구 도화동 201-20 ,195307.337790292    ,448621.546222147    ,,121-813
카페모노블럭,까페,영업/정상,"서울특별시 마포구 와우산로23길 14 (서교동, 102호)",서울특별시 마포구 서교동 342-12 ,193260.625770993    ,450164.641540792    ,,121-837
(주)보나비 아티제 이대목동2점,까페,영업/정상,"서울특별시 양천구 안양천로 1071 (목동, 이대목동병원 병원동2층)",서울특별시 양천구 목동 911-1 이대목동병원 병원동2층 ,189878.40729119     ,448255.199632516    ,0226480024,158-879
코나빈스,까페,영업/정상,"서울특별시 양천구 지양로 72 (신월동, 2층)",서울특별시 양천구 신월동 961-4 2층 ,185252.921610425    ,446653.315798289    ,,158-846
성진,까페,영업/정상,"서울특별시 양천구 은행정로 70, 지하 1층 (신정동)",서울특별시 양천구 신정동 907-1 ,187478.987511064    ,447075.989084017    ,0226944012,158-857
컵앤팝,까페,영업/정상,"서울특별시 양천구 신정중앙로 86, 2층 (신정동)",서울특별시 양천구 신정동 904-7 2층 ,187649.968256171    ,447143.547238044    ,,158-857
촛불,까페,영업/정상,"서울특별시 양천구 월정로 3, 1층 (신월동)",서울특별시 양천구 신월동 534-16 1층 ,186141.581782944    ,446472.175317069    ,0226923959,158-840
싱글호프,까페,영업/정상,"서울특별시 양천구 월정로 91, 1층 (신월동)",서울특별시 양천구 신월동 237-21 ,185761.520870098    ,447260.485154241    ,,158-831
나그네,까페,영업/정상,"서울특별시 양천구 등촌로 224 (목동,1층 104호(등촌로 17))",서울특별시 양천구 목동 613-9 1층 104호(등촌로 17) ,187922.211864511    ,449706.807437882    ,,158-811
세시봉7080,까페,영업/정상,"서울특별시 양천구 월정로27길 6, 지하 1층 (신월동)",서울특별시 양천구 신월동 114-23 ,185453.484735275    ,447824.62705078     ,0226082277,158-827
cafe pinggr (카페 핑그르),까페,영업/정상,"서울특별시 양천구 신목로5길 10, 1층 (신정동)",서울특별시 양천구 신정동 144-42 ,188694.913780511    ,446209.513717201    ,0226462199,158-849
이든독,까페,영업/정상,"서울특별시 양천구 은행정로 94, 성은빌딩 지상2층 (신정동)",서울특별시 양천구 신정동 881-19 성은빌딩 지상2층 ,187449.666990704    ,447331.560077766    ,07089595736,158-856
슬로우 벗 로스터리,까페,영업/정상,"서울특별시 양천구 중앙로45길 8-5, 1층 (신정동)",서울특별시 양천구 신정동 1191-12 1층 ,186821.881592245    ,446535.151234231    ,,158-864
고원이가,까페,영업/정상,"서울특별시 양천구 목동동로 206-5 (목동,1층(목동동로 176-4))",서울특별시 양천구 목동 405-221 1층(목동동로 176-4) ,188650.243278154    ,446833.071589819    ,,158-806
메이커 까치산점,까페,영업/정상,"서울특별시 양천구 월정로 101, 신목동샤르망오피스텔 1층 115호 (신월동)",서울특별시 양천구 신월동 235-7 신목동샤르망오피스텔 1층 115호,185692.551545586    ,447374.522041433    ,,158-831
바느질하는바리스타,까페,영업/정상,"서울특별시 양천구 은행정로5길 12 (신정동, 지상1층)",서울특별시 양천구 신정동 1026-16 지상1층 ,187433.10334014     ,446570.362407119    ,0220622062,158-861
목동양대창,까페,영업/정상,"서울특별시 양천구 오목로46길 32, 1층 (신정동)",서울특별시 양천구 신정동 1012-25 ,187728.160330733    ,446753.434728363    ,,158-860
보리수,까페,영업/정상,"서울특별시 양천구 오목로 126, 1층 (신정동)",서울특별시 양천구 신정동 943-2 1층 ,186807.856092732    ,446876.796291969    ,,158-859
카페(cafe)놀이터,까페,영업/정상,"서울특별시 양천구 신월로 185, 2층 202일부호 (신월동, 로즈그린타운)",서울특별시 양천구 신월동 535-7 로즈그린타운 2층 202일부호,186082.175714046    ,446378.049578238    ,,158-840
종이연 바이크,까페,영업/정상,"서울특별시 양천구 등촌로 148 (목동, 1층)",서울특별시 양천구 목동 324-233 1층 ,187808.185879059    ,448992.098855962    ,0236617080,158-805
신월동로또커피(Coffee),까페,영업/정상,"서울특별시 양천구 월정로 97, 1층 (신월동)",서울특별시 양천구 신월동 236-12 1층 ,185733.378225862    ,447316.016709596    ,,158-831
칠삼(73),까페,영업/정상,"서울특별시 양천구 신월로 224-3, 1층 (신월동)",서울특별시 양천구 신월동 608-14 1층 ,186390.268200304    ,446604.905062321    ,,158-843
솔티,까페,영업/정상,"서울특별시 양천구 목동동로 339 (목동,트윈빌상가2층219호)",서울특별시 양천구 목동 905-22 트윈빌상가2층219호 ,189042.496526196    ,447777.835760268    ,26551922,158-876
동네작은커피,까페,영업/정상,"서울특별시 양천구 목동중앙본로 98, 지상1층 (목동)",서울특별시 양천구 목동 531-12 지상1층 ,188515.062536593    ,449126.242342399    ,,158-809
아미고,까페,영업/정상,서울특별시 양천구 등촌로 220 (목동),서울특별시 양천구 목동 613-2 ,187916.254332614    ,449683.219205227    ,0226427922,158-811
카페코지엘,까페,영업/정상,"서울특별시 양천구 목동동로 226-19 (목동,1층)",서울특별시 양천구 목동 406-291 1층 ,188715.422210037    ,447038.890232135    ,,158-806
첼로,까페,영업/정상,"서울특별시 양천구 목동중앙서로 32 (목동,1층(곰달래길 21))",서울특별시 양천구 목동 797-9 1층(곰달래길 21) ,188199.619595527    ,447838.737350494    ,0226459075,158-819
유(u),까페,영업/정상,"서울특별시 양천구 오목로 331, 지하 1층 (목동)",서울특별시 양천구 목동 406-184 지하 1층 ,188822.717515353    ,446968.337093504    ,0226473178,158-806
그로잉,까페,영업/정상,"서울특별시 양천구 목동서로 397 (신정동, 대림아크로빌1층117호)",서울특별시 양천구 신정동 324-8 대림아크로빌1층117호 ,187562.639823458    ,445939.679152444    ,,158-739
좋은날,까페,영업/정상,"서울특별시 양천구 오목로 125, 1층 (신정동)",서울특별시 양천구 신정동 942-11 ,186791.657590459    ,446914.880609579    ,0226078912,158-871
블랙리퍼블릭,까페,영업/정상,"서울특별시 양천구 목동중앙본로 122 (목동, 1층,2층)","서울특별시 양천구 목동 530-5 1층,2층 ",188589.976158878    ,449347.953712259    ,,158-809
예스호프,까페,영업/정상,"서울특별시 양천구 월정로 91-1, 1층 (신월동)",서울특별시 양천구 신월동 237-20 1층 ,185756.957578648    ,447269.837539208    ,0226942338,158-831
카페 까마르도,까페,영업/정상,"서울특별시 양천구 목동서로 387, 2층 (신정동, 세림프라자)",서울특별시 양천구 신정동 323 세림프라자 2층 ,187646.629756578    ,445993.33256629     ,0226466331,158-070
커피인동,까페,영업/정상,"서울특별시 양천구 목동중앙북로7가길 61 (목동, 리치스퀘어1층101호)",서울특별시 양천구 목동 613-1 리치스퀘어1층101호 ,187927.103647605    ,449727.47955699     ,,158-811
(주)보나비 아티제 이대목동점,까페,영업/정상,"서울특별시 양천구 안양천로 1071 (목동, 이대목동병원 본관1층)",서울특별시 양천구 목동 911-1 이대목동병원 본관1층 ,189878.40729119     ,448255.199632516    ,0226480024,158-879
솜사탕,까페,영업/정상,"서울특별시 양천구 오목로 126, 1층 (신정동)",서울특별시 양천구 신정동 943-2 1층 ,186807.856092732    ,446876.796291969    ,0226012587,158-859
커피앤키,까페,영업/정상,"서울특별시 양천구 중앙로 256, 1층 (신정동)",서울특별시 양천구 신정동 1032-8 외 5필지 ,186978.078745279    ,446367.670301835    ,0226445500,158-070
화사랑,까페,영업/정상,"서울특별시 양천구 월정로 93, 1층 (신월동)",서울특별시 양천구 신월동 237-19 1층 ,185751.783065029    ,447279.564644874    ,,158-831
베누스,까페,영업/정상,서울특별시 양천구 목동중앙서로 9 (목동),서울특별시 양천구 목동 791-12 ,187983.841077544    ,447833.797465545    ,0226525479,158-819
커피게이트,까페,영업/정상,"서울특별시 양천구 목동중앙로7길 8 (목동, 1층)",서울특별시 양천구 목동 222-46 1층 ,188681.703977658    ,448448.753092829    ,0226461965,158-803
S(에스),까페,영업/정상,"서울특별시 양천구 오목로 337-10, 소망빌딩 지하 1층 104호 (목동)",서울특별시 양천구 목동 406-271 소망빌딩 지하 1층 104호,188918.557157522    ,447009.593471943    ,0226537443,158-806
바나프레소 마곡점,까페,영업/정상,"서울특별시 강서구 마곡동로 61, 에이스프라자 1층 107호 (마곡동)",서울특별시 강서구 마곡동 772-8 에이스프라자 ,185190.147480628    ,450940.390228923    ,0269531018,157-210
초콜렛,까페,영업/정상,서울특별시 강서구 곰달래로 61 (화곡동),서울특별시 강서구 화곡동 357-19 ,185752.92937454     ,447570.2391768      ,0226946832,157-883
모노컵,까페,영업/정상,"서울특별시 강서구 공항대로61길 39, 1층 104호 (등촌동)",서울특별시 강서구 등촌동 633-29 ,188100.493812368    ,450063.01199653     ,,157-839
엠,까페,영업/정상,"서울특별시 강서구 마곡중앙5로 2 (마곡동, 9호선마곡나루역사내(자하1층 상가))",서울특별시 강서구 마곡동 370-3 9호선마곡나루역사내 (지하 1층) ,,,0264023532,157-210
커피볶는제임스,까페,영업/정상,"서울특별시 강서구 공항대로42길 12, 1층 101호 (내발산동, 우장산동)",서울특별시 강서구 내발산동 648-15 일진빌딩 (지상 1층) 101호,186125.156123721    ,450591.44602695     ,,157-280
러시안블루,까페,영업/정상,"서울특별시 강서구 방화대로6바길 10, 지상2층 (공항동, 공항동)",서울특별시 강서구 공항동 1359-7 지상2층 ,183964.95414462     ,450305.664764148    ,0226466324,157-816
커피선생(한국통합바리스타트레이닝협회),까페,영업/정상,"서울특별시 강서구 방화동로12길 40, 1층 (방화동)",서울특별시 강서구 방화동 608-92 1층 ,183579.21323845     ,451596.533809162    ,,157-852
설매,까페,영업/정상,"서울특별시 강서구 화곡로20길 54 (화곡동,(지상 1층))",서울특별시 강서구 화곡동 377-31 (지상 1층) ,185499.810463493    ,448435.349139706    ,,157-884
만남,까페,영업/정상,"서울특별시 구로구 디지털로 224, 1층 (가리봉동)",서울특별시 구로구 가리봉동 135-9 1층 ,190270.260952584    ,441970.427503288    ,028303848,152-801
커피브릭,까페,영업/정상,"서울특별시 구로구 구로동로 164, 1층 (구로동)",서울특별시 구로구 구로동 426-12 ,189627.74791717     ,443473.318406318    ,,152-855
커피존,까페,영업/정상,"서울특별시 구로구 디지털로33길 55 (구로동,이앤씨드림타워 2차 107호)",서울특별시 구로구 구로동 197-10 이앤씨드림타워 2차 107호 ,190479.902194476    ,442751.419539641    ,,152-848
여우,까페,영업/정상,"서울특별시 구로구 경서로 82-4, 1층 (고척동)",서울특별시 구로구 고척동 173-11 ,187643.287040341    ,444626.783638857    ,0226251517,152-831
달콤한일상,까페,영업/정상,서울특별시 구로구 디지털로 315 (구로동),서울특별시 구로구 구로동 182-26 ,190801.716878689    ,442728.134854164    ,07043123111,152-847
카페 DHMC,까페,영업/정상,서울특별시 구로구 고척로27길 90 (개봉동),서울특별시 구로구 개봉동 109-31 ,186298.97477833     ,444856.980514923    ,0226168152,152-804
봄날,까페,영업/정상,"서울특별시 구로구 고척로39길 62 (고척동, 지하1층)",서울특별시 구로구 고척동 253-300 지하1층 ,186686.547973702    ,444857.950662978    ,027743511,152-834
아인스커피,까페,영업/정상,"서울특별시 구로구 가마산로23길 10, 1층 (구로동)",서울특별시 구로구 구로동 103 1층 ,190137.1139979      ,443767.344922756    ,028388898,152-842
빽다방 구로코오롱점,까페,영업/정상,"서울특별시 구로구 디지털로30길 31, 1층 109호 (구로동, 코오롱디지털타워빌란트2차)",서울특별시 구로구 구로동 222-8 코오롱디지털타워빌란트2차 109호,190734.812272237    ,442305.230860115    ,,152-848
카페 첼로,까페,영업/정상,"서울특별시 구로구 중앙로15길 65, 1층 (고척동)",서울특별시 구로구 고척동 216-3 지상1층 ,187212.835420757    ,444935.233094335    ,,152-832
장미호프,까페,영업/정상,서울특별시 구로구 고척로 152 (고척동),서울특별시 구로구 고척동 258-12 ,186723.140924625    ,444539.323858062    ,,152-834
매머드 익스프레스 구로디지털점,까페,영업/정상,"서울특별시 구로구 디지털로32나길 17-45, 1층 101호 (구로동, 오피스텔 미래지오)",서울특별시 구로구 구로동 810 오피스텔 미래지오 101호,191044.864874962    ,442557.902902871    ,,152-878
제니스카페,까페,영업/정상,"서울특별시 구로구 안양천로539길 11 (고척동, B동 1층)",서울특별시 구로구 고척동 60-34 B동 1층 ,188459.808425308    ,444722.121126965    ,,152-825
투썸플레이스 가산대성디폴리스점,까페,영업/정상,"서울특별시 금천구 서부샛길 606, 101,104호 (가산동, 대성 D-POLIS지식산업센터)","서울특별시 금천구 가산동 543-1 대성 D-POLIS지식산업센터 101,104호",189055.138252216    ,441958.334400683    ,028618070,153-803
사이라 호프 커피,까페,영업/정상,"서울특별시 금천구 독산로85길 16, 지상2층 (독산동)",서울특별시 금천구 독산동 989-16 ,191281.810017571    ,441156.737799044    ,,153-825
카페 마레,까페,영업/정상,"서울특별시 금천구 금하로 760-1, 지상1층 (시흥동)",서울특별시 금천구 시흥동 266-2704 ,192337.129442633    ,438638.826577073    ,,153-844
카페비플러스,까페,영업/정상,"서울특별시 금천구 시흥대로 481, 1층 (독산동)",서울특별시 금천구 독산동 145-12 1층 ,190932.197831345    ,441604.047804207    ,,153-806
애랑커피숍,까페,영업/정상,"서울특별시 금천구 독산로85길 29 (독산동, 지상2층)",서울특별시 금천구 독산동 165-4 지상2층 ,191207.921294116    ,441141.643273411    ,028633566,153-807
헤이듀(HEYDEW)커피 가산리더스타워점,까페,영업/정상,"서울특별시 금천구 벚꽃로 지하 286, B133호 (가산동, 삼성리더스타워 지하1층)",서울특별시 금천구 가산동 60-15 삼성리더스타워 지하1층 B133호,189685.715834343    ,442026.454121483    ,,153-801
참좋은 식당,까페,영업/정상,"서울특별시 금천구 범안로15길 73, 지하1층 (독산동)",서울특별시 금천구 독산동 333-5 ,190340.360142919    ,440833.387367931    ,,153-814
커피더캠프(coffee the camp),까페,영업/정상,"서울특별시 금천구 가마산로 96 (가산동, 대륭테크노타운8 지상1층 116일부호)",서울특별시 금천구 가산동 481-11 대륭테크노타운8 지상1층 116일부호 ,189089.927764903    ,442569.300676147    ,028645866,153-803
빈티지(beantizi),까페,영업/정상,"서울특별시 금천구 독산로50길 17, 지상1층 (시흥동)",서울특별시 금천구 시흥동 21-19 지상1층 ,191532.121902789    ,440076.493318151    ,,153-837
카페오실,까페,영업/정상,"서울특별시 금천구 남부순환로112길 65, 104호 (가산동, 지상1층)",서울특별시 금천구 가산동 151-49 지상1층 104호,190427.634288511    ,441632.141632349    ,028628191,153-801
카페시우,까페,영업/정상,서울특별시 금천구 독산로85길 15-1 (독산동),서울특별시 금천구 독산동 165-13 ,191283.71495549     ,441122.838141726    ,,153-807
와플리(WAFFLY),까페,영업/정상,"서울특별시 금천구 독산로 325, 지상1층 (독산동)",서울특별시 금천구 독산동 973-6 지상1층 ,191377.961933978    ,441525.070097842    ,,153-825
카페 에이엠 730,까페,영업/정상,"서울특별시 금천구 독산로 288, 지상1층 (독산동)",서울특별시 금천구 독산동 991-18 ,191386.285701094    ,441144.312455666    ,,153-826
우지커피 가산디지털단지역점,까페,영업/정상,"서울특별시 금천구 가산디지털1로 196, 104호 (가산동, 에이스테크노타워10차)",서울특별시 금천구 가산동 470-5 에이스테크노타워10차 104호,189417.708595762    ,442309.174987731    ,028677890,153-803
규젤,까페,영업/정상,"서울특별시 금천구 가산디지털1로 128, B128호 (가산동, 에스티엑스브이타워)",서울특별시 금천구 가산동 371-37 에스티엑스브이타워 B128호,189647.046752134    ,441677.096205358    ,07041233643,153-803
프레쉬 엔지니어드 선유도점,까페,영업/정상,"서울특별시 영등포구 양평로 101 (양평동4가, 지상1층)",서울특별시 영등포구 양평동4가 69 지상1층 ,190733.902307979    ,448272.763221484    ,0226701445,150-866
루나더커피(Luna the coffee),까페,영업/정상,"서울특별시 영등포구 신길로40길 4, 1층 (신길동)",서울특별시 영등포구 신길동 4902-1 1층 일부 ,192099.288305764    ,444963.10629315     ,,150-861
컴포즈,까페,영업/정상,"서울특별시 영등포구 국제금융로8길 19, 중앙빌딩 1층 106호 (여의도동)",서울특별시 영등포구 여의도동 44-21 중앙빌딩 ,193678.695372375    ,446510.536954452    ,,150-741
게이트커피(gate coffee),까페,영업/정상,"서울특별시 영등포구 도영로 23, 1층 (도림동, 정남빌딩 )",서울특별시 영등포구 도림동 268-3 정남빌딩 1층 ,190722.547984778    ,445163.691375796    ,,150-833
카페봄봄,까페,영업/정상,"서울특별시 영등포구 영신로20가길 6 (영등포동, 2층)",서울특별시 영등포구 영등포동 618-20 2층 ,191845.087207986    ,445815.45287872     ,07075349117,150-899
카페(cafe)4776,까페,영업/정상,"서울특별시 영등포구 대림로34바길 18, 1층 (대림동)",서울특별시 영등포구 대림동 680 1층 ,191075.080230725    ,444303.994669655    ,,150-813
나무,까페,영업/정상,"서울특별시 영등포구 국제금융로8길 27-9, 3층 305호 (여의도동, 동북빌딩)",서울특별시 영등포구 여의도동 45-20 동북빌딩 305호,193657.079889411    ,446371.108165276    ,,150-891
초이커피컴퍼니 주식회사,까페,영업/정상,"서울특별시 영등포구 도신로 206, 1층 (신길동)",서울특별시 영등포구 신길동 160-17 1층 ,192332.639543187    ,445450.274191644    ,025862723,150-840
림푸드,까페,영업/정상,"서울특별시 영등포구 도림로 340 (도림동,지상1층(일부))",서울특별시 영등포구 도림동 152-39 지상1층(일부) ,191179.357504239    ,445058.026075531    ,0260857070,150-830
샌드플러스(sand+),까페,영업/정상,"서울특별시 영등포구 양산로 129, 지하1층 (당산동3가)",서울특별시 영등포구 당산동3가 25-6 지하1층 ,190868.719106914    ,446867.455967725    ,,150-803
마이웨이,까페,영업/정상,"서울특별시 영등포구 당산로32길 13, 2층 (당산동3가)",서울특별시 영등포구 당산동3가 127-1 2층 ,190951.012267361    ,447129.965408941    ,027800576,150-803
BOOMING 부밍,까페,영업/정상,"서울특별시 영등포구 여의대방로65길 17, 309호 (여의도동, 서린빌딩)",서울특별시 영등포구 여의도동 45-15 서린빌딩 309호,193658.473981035    ,446413.91770955     ,,150-891
보나비아티제여의도공원점,까페,영업/정상,"서울특별시 영등포구 은행로 30 (여의도동, 중소기업회관 신관1층)",서울특별시 영등포구 여의도동 16-2 ,193099.563598351    ,447330.445753577    ,0221555713,150-873
홍스커피(홍`s Coffee),까페,영업/정상,"서울특별시 영등포구 영등포로 109, 4층 (당산동2가, 유통상가 25호일부)",서울특별시 영등포구 당산동2가 30-2 유통상가 4층 25호일부 ,190555.768991595    ,446698.814322782    ,,150-042
멍청이수산,까페,영업/정상,"서울특별시 영등포구 선유로 88 (양평동1가,윤당제1빌딩 지상1층(전체))",서울특별시 영등포구 양평동1가 9-32 윤당제1빌딩 지상1층(전체) ,190223.744118785    ,446617.655272006    ,,150-862
공차 여의도점,까페,영업/정상,"서울특별시 영등포구 국제금융로2길 7 (여의도동, 한주빌딩1층 남서측일부)",서울특별시 영등포구 여의도동 24 한주빌딩1층 남서측일부 ,193466.508883249    ,446931.443639839    ,027797758,150-877
캠프데이비드커피(CAMP DAVID COFFEE),까페,영업/정상,"서울특별시 영등포구 버드나루로19길 6 (당산동, 센스빌딩 1층)",서울특별시 영등포구 당산동 121-74 센스빌딩 1층 ,191736.709680984    ,447387.467589238    ,0226765278,150-040
은하수,까페,영업/정상,서울특별시 영등포구 당산로10길 8 (당산동1가),서울특별시 영등포구 당산동1가 33 ,190788.922986352    ,446611.818774108    ,,150-800
영홍커피호프,까페,영업/정상,"서울특별시 영등포구 대림로29가길 1 (대림동,지하1층(전체))",서울특별시 영등포구 대림동 727-3 지하1층(전체) ,190824.113507281    ,443681.157694678    ,,150-815
커피볶는피루니,까페,영업/정상,"서울특별시 영등포구 양평로20길 1, 2층 (양평동4가)",서울특별시 영등포구 양평동4가 122 ,190682.003795581    ,448368.494370526    ,,150-867
마치커피(MARCH Coffee),까페,영업/정상,"서울특별시 영등포구 국제금융로 78 (여의도동,홍우빌딩 125호)",서울특별시 영등포구 여의도동 43-3 홍우빌딩 125호 ,193844.169062846    ,446511.783285705    ,027806691,150-889
보까(Bocca),까페,영업/정상,"서울특별시 영등포구 당산로20길 9-4, 1층 (당산동1가)",서울특별시 영등포구 당산동1가 295-1 ,190859.780222434    ,446821.013272494    ,,150-801
크루즈,까페,영업/정상,"서울특별시 영등포구 여의대방로 394 (여의도동,우정상가 지상2층209호(일부))",서울특별시 영등포구 여의도동 53 우정상가 지상2층209호(일부) ,193989.272586157    ,446346.562230998    ,027830704,150-895
커피메이플(Coffee maple),까페,영업/정상,"서울특별시 영등포구 신풍로 19 (신길동,지상1,2층(전체))","서울특별시 영등포구 신길동 424-10 지상1,2층(전체) ",191801.527847454    ,444244.762435267    ,028330206,150-850
자유2,까페,영업/정상,"서울특별시 영등포구 여의대방로 383 (여의도동, 경도빌딩 3층 315~316호)",서울특별시 영등포구 여의도동 44-14 경도빌딩 3층 315~316호 ,193870.812916718    ,446351.97420108     ,027808799,150-890
카페구디,까페,영업/정상,"서울특별시 영등포구 도림천로21길 31 (대림동, 1층일부)",서울특별시 영등포구 대림동 992-7 1층일부 ,191338.947093632    ,442900.767617005    ,,150-823
카페이파네마,까페,영업/정상,"서울특별시 영등포구 양평로22라길 1, 104동 102호 (양평동5가, 대우미래사랑2차)",서울특별시 영등포구 양평동5가 92 대우미래사랑2차 104동 102호,190593.621430593    ,448582.888957042    ,,150-105
폴바셋여의도점,까페,영업/정상,"서울특별시 영등포구 여의대로 66 (여의도동, KTB투자증권빌딩 B동 1층)",서울특별시 영등포구 여의도동 23-3 KTB투자증권빌딩 B동 1층 ,193191.584697735    ,446919.492015858    ,0237750098,150-876
라온,까페,영업/정상,"서울특별시 영등포구 여의대로 8, 지하1층 B104호 (여의도동, 여의도파크센터 )",서울특별시 영등포구 여의도동 28-3 여의도파크센터 지하1층 B104호,192739.314354154    ,446552.469845648    ,027860421,150-881
바리스타희,까페,영업/정상,"서울특별시 영등포구 국회대로 750, 1층 104호 (여의도동, 금산빌딩)",서울특별시 영등포구 여의도동 17-1 금산빌딩 지상1층 104호(전체) ,192549.933121435    ,447340.688670594    ,027864059,150-727
할로,까페,영업/정상,"서울특별시 영등포구 선유서로25길 16, 1층 (양평동2가)",서울특별시 영등포구 양평동2가 36-33 1층 ,189696.785895605    ,446941.39422977     ,,150-102
수궁,까페,영업/정상,"서울특별시 영등포구 영등포로33길 7-1 (영등포동6가,지하1층)",서울특별시 영등포구 영등포동6가 104-5 지하1층 ,191312.794309692    ,446550.647317328    ,,150-036
맨하탄피자(Manhattan pizza),까페,영업/정상,"서울특별시 영등포구 국회대로74길 9, 206호 (여의도동, 삼보빌딩 2층)",서울특별시 영등포구 여의도동 13-2 삼보빌딩 2층 206호,192974.136279143    ,447585.389404675    ,,150-870
안동집,까페,영업/정상,"서울특별시 영등포구 당산로16길 22 (당산동1가, 지상1층(일부))",서울특별시 영등포구 당산동1가 256-119 지상1층(일부) ,190948.739158025    ,446684.702261742    ,,150-800
투고커피(To-Go COFFEE),까페,영업/정상,"서울특별시 영등포구 영중로 138 (영등포동8가, 제1층 전면 왼쪽에서 첫번째)",서울특별시 영등포구 영등포동8가 75-6 제1층 전면 왼쪽에서 첫번째 ,191621.138928723    ,447372.421750434    ,,150-038
삼십오센치(35cm),까페,영업/정상,"서울특별시 영등포구 영신로40길 16 (영등포동6가, 1층)",서울특별시 영등포구 영등포동6가 67-3 1층 ,191358.096800209    ,446546.533177682    ,,150-036
티하우스(TEA HOUSE),까페,영업/정상,"서울특별시 영등포구 선유로 146 (양평동3가,외2필지 이앤씨드림타워 122호)",서울특별시 영등포구 양평동3가 46 외2필지 이앤씨드림타워 122호 ,190364.652010662    ,447158.946262059    ,0220686489,150-103
라온(RAON),까페,영업/정상,"서울특별시 영등포구 국회대로72길 17 (여의도동,kcc 파크타운 202호, 202-1호)","서울특별시 영등포구 여의도동 13-22 kcc 파크타운 202호, 202-1호 ",192967.351496095    ,447481.364199462    ,,150-870
치폴라 양평역점(CIPOLLA 양평역점),까페,영업/정상,"서울특별시 영등포구 양산로 52 (양평동1가, 지상1층)",서울특별시 영등포구 양평동1가 222-1 지상1층 ,190099.467733721    ,446991.165783875    ,0220689620,150-863
밀로브레드(Millo Bread),까페,영업/정상,"서울특별시 영등포구 당산로33길 17, 1층 (당산동3가)",서울특별시 영등포구 당산동3가 395-43 1층 ,,,,150-804
스멜팅커피(smelting coffee),까페,영업/정상,"서울특별시 영등포구 당산로 4-1, 1층일부~옥상층 (문래동3가)",서울특별시 영등포구 문래동3가 58-15 ,190588.608688724    ,445884.559824577    ,0226373313,150-835
모노레일에스프레소여의도점,까페,영업/정상,"서울특별시 영등포구 여의동로 213 (여의도동, 여의도금호리첸시아 지하1층 B115호(전체))",서울특별시 영등포구 여의도동 61 여의도금호리첸시아 지하1층B115(전체) ,194592.276750438    ,446268.481210069    ,07082522156,150-947
만랩커피 영등포구청점,까페,영업/정상,서울특별시 영등포구 당산로31길 13-1 (당산동3가),서울특별시 영등포구 당산동3가 396-11 ,190654.294640048    ,447163.440427243    ,,150-804
꼬치박스,까페,영업/정상,"서울특별시 동작구 동작대로27가길 46-5 (사당동,102호)",서울특별시 동작구 사당동 144-3 102호 ,198221.68708608     ,442585.531979818    ,,156-816
요리비 멘동,까페,영업/정상,"서울특별시 동작구 상도로61길 32 (상도동,1층)",서울특별시 동작구 상도동 504-7 1층 ,196095.034099308    ,443623.054052146    ,028171216,156-030
굿데이커피(GOODDAYCOFFEE),까페,영업/정상,"서울특별시 동작구 노량진로 256 (본동,내제1호 (1층))",서울특별시 동작구 본동 47 내제1호 (1층) ,195959.965303345    ,445598.814714483    ,,156-060
설빙 노량진점,까페,영업/정상,"서울특별시 동작구 노량진로 144 (노량진동, 외 2필지, 2층)","서울특별시 동작구 노량진동 59-29 외 2필지, 2층 ",194787.33991322     ,445690.237396228    ,028245344,156-800
카페톡,까페,영업/정상,서울특별시 동작구 노량진로14길 25 (노량진동),서울특별시 동작구 노량진동 58-36 ,194852.859090549    ,445594.15456647     ,,156-800
포도밭에서,까페,영업/정상,"서울특별시 동작구 남부순환로 2057, 지하1층 (사당동)",서울특별시 동작구 사당동 1046-11 ,197927.372188619    ,441634.265956603    ,,156-827
바리스타조앤,까페,영업/정상,"서울특별시 동작구 서달로14가길 1, 1층 (흑석동)",서울특별시 동작구 흑석동 52-1 ,196685.300669121    ,445056.498649663    ,028261763,156-857
아스카(ASUKA),까페,영업/정상,서울특별시 동작구 흑석로 88 (흑석동),서울특별시 동작구 흑석동 223-18 외 1필지 102호 ,196340.622510817    ,444982.102029127    ,028167100,156-861
카페커피상상,까페,영업/정상,서울특별시 동작구 만양로14가길 7 (노량진동),서울특별시 동작구 노량진동 118-27 ,195077.344680103    ,445524.390940803    ,0208136685,156-801
오니슈,까페,영업/정상,"서울특별시 동작구 양녕로 267 (상도1동, 101호)",서울특별시 동작구 상도1동 680 101호 ,195377.419251121    ,444632.769005959    ,,156-830
빨간코포차,까페,영업/정상,"서울특별시 동작구 양녕로 262, 지하1층동 (상도1동)",서울특별시 동작구 상도1동 759 지하1층동 ,195356.39730891     ,444553.565021314    ,,156-830
(주) 세녹코리아,까페,영업/정상,"서울특별시 동작구 사당로 304, 1층,2층,3층 (사당동)",서울특별시 동작구 사당동 147-50 ,198278.7745194      ,442520.237503364    ,025978001,156-816
달리는커피(노량진점),까페,영업/정상,서울특별시 동작구 노량진로14가길 16 (노량진동),서울특별시 동작구 노량진동 85-37 ,194932.503285525    ,445598.274408081    ,,156-800
와플마레(Waffle mare),까페,영업/정상,"서울특별시 동작구 보라매로3길 29, 1층 16,17호 (신대방동, 해태보라매타워)",서울특별시 동작구 신대방동 708 해태보라매타워 ,193279.599095483    ,443230.418234155    ,,156-855
빨라쪼델쁘레또,까페,영업/정상,"서울특별시 동작구 만양로18길 19 (노량진동,1층)",서울특별시 동작구 노량진동 148-56 1층 ,195098.932882598    ,445662.008841519    ,,156-801
안(Ann),까페,영업/정상,서울특별시 동작구 흑석로 88 (흑석동),서울특별시 동작구 흑석동 223-18 ,196340.622510817    ,444982.102029127    ,028242788,156-861
틈42,까페,영업/정상,"서울특별시 동작구 사당로 247-7 (사당동, 1,2층)","서울특별시 동작구 사당동 324-5 1,2층 ",197726.975387488    ,442374.506377932    ,,156-820
커피자리,까페,영업/정상,"서울특별시 동작구 노량진로 162 (노량진동,1층 8-4호)",서울특별시 동작구 노량진동 114-5 1층 8-4호 ,194972.424067985    ,445686.158478401    ,,156-801
투썸플레이스 이수역점(3층),까페,영업/정상,"서울특별시 동작구 동작대로27길 28 (사당동,3층)",서울특별시 동작구 사당동 130-20 3층 ,198199.271734972    ,442824.937838659    ,,156-816
청맥살롱,까페,영업/정상,서울특별시 동작구 서달로 161-1 (흑석동),서울특별시 동작구 흑석동 100-16 ,196594.454295282    ,445070.28089092     ,,156-860
슈보 요단,까페,영업/정상,"서울특별시 동작구 사당로30길 43 (사당동,1층)",서울특별시 동작구 사당동 1007-33 1층 ,198250.865588034    ,442300.855492227    ,025820775,156-824
동네카페 고커피,까페,영업/정상,"서울특별시 동작구 양녕로28길 22 (상도동, 1층 101호)",서울특별시 동작구 상도동 211-59 1층 101호 ,195057.058590811    ,444020.512094532    ,07082518079,156-841
밀짚모자,까페,영업/정상,"서울특별시 동작구 양녕로 284, 1층 (상도동)",서울특별시 동작구 상도1동 638-1 ,195559.675202476    ,444695.264391741    ,028111400,156-830
라자루스,까페,영업/정상,"서울특별시 동작구 남부순환로 2021 (사당동, (1층 2호))",서울특별시 동작구 사당동 1049-7 (1층 2호) ,197557.981270334    ,441566.953618972    ,,156-827
오띠(Otti),까페,영업/정상,"서울특별시 동작구 상도로 88 (상도동, 2층)",서울특별시 동작구 상도동 324-2 2층 ,193790.430863531    ,444153.872590858    ,,156-839
투썸플레이스 이수역점(2층),까페,영업/정상,서울특별시 동작구 동작대로27길 28 (사당동),서울특별시 동작구 사당동 130-20 ,198199.271734972    ,442824.937838659    ,,156-816
카페1987,까페,영업/정상,"서울특별시 동작구 노량진로 140, 메가스터디타워 지하2층 210호 (노량진동)",서울특별시 동작구 노량진동 57-1 메가스터디타워 ,194772.975405476    ,445623.080168564    ,028127153,156-800
한마루가든,까페,영업/정상,"서울특별시 동작구 여의대방로 250, 대림아파트(상가동) 4층 411호 (대방동)",서울특별시 동작구 대방동 501 대림아파트(상가동) ,193273.484014052    ,445011.250115029    ,028129508,156-761
헤이이태리,까페,영업/정상,"서울특별시 동작구 만양로14가길 18 (노량진동,2층)",서울특별시 동작구 노량진동 125-14 2층 ,195082.535488538    ,445575.953796643    ,,156-801
한주하의 가배 볶는집,까페,영업/정상,"서울특별시 동작구 보라매로5가길 16 (신대방동,보라매아카데미타워 207호)",서울특별시 동작구 신대방동 395-69 보라매아카데미타워 207호 ,193218.36400997     ,443239.581054145    ,,156-713
정 커피숍,까페,영업/정상,"서울특별시 관악구 남부순환로 1714-1, 지하1층 (봉천동)",서울특별시 관악구 봉천동 945-14 ,194656.948275934    ,442274.655023174    ,028887770,151-820
데이롱 카페 (관악 KT점),까페,영업/정상,"서울특별시 관악구 조원중앙로1길 47, 1층 (신림동)",서울특별시 관악구 신림동 1667-33 ,191259.918585504    ,441996.013562892    ,028580399,151-903
Swirling(스월링),까페,영업/정상,"서울특별시 관악구 관악로16길 28, 1층 (봉천동)",서울특별시 관악구 봉천동 1602-16 ,195875.798474014    ,441979.56760833     ,,151-835
비올즈,까페,영업/정상,"서울특별시 관악구 남부순환로 1919, 지하1층 (봉천동)",서울특별시 관악구 봉천동 1686-11 ,196625.857962567    ,441725.350077672    ,028751198,151-812
로얄,까페,영업/정상,"서울특별시 관악구 대학길 6, 지하1층 (신림동)",서울특별시 관악구 신림동 1516-4 지하1층 ,194423.334073345    ,440905.613997323    ,028836131,151-895
티라노,까페,영업/정상,"서울특별시 관악구 남부순환로230길 39, 1층 (봉천동)",서울특별시 관악구 봉천동 1613-7 ,196004.608296429    ,441796.114502954    ,,151-848
테이블1629,까페,영업/정상,"서울특별시 관악구 장군봉2길 32, 1-2층 (봉천동)",서울특별시 관악구 봉천동 947-15 ,194510.505203397    ,442319.235301107    ,028781008,151-820
온기 구로,까페,영업/정상,"서울특별시 관악구 조원로2길 51, 2층 201호 (신림동)",서울특별시 관악구 신림동 1663 ,191224.178786196    ,442145.674727151    ,0260130230,151-903
진실,까페,영업/정상,"서울특별시 관악구 쑥고개로 90, 지상1층 (봉천동)",서울특별시 관악구 봉천동 1575-8 지상1층 ,195194.606857625    ,441882.375442098    ,,151-847
블리스버거&카페,까페,영업/정상,"서울특별시 관악구 호암로24길 34, 1층 (신림동)",서울특별시 관악구 신림동 1534-1 ,194184.393818669    ,440812.442537674    ,028085198,151-895
시즈(SEIZE),까페,영업/정상,"서울특별시 관악구 봉천로 261-1, 1층 (봉천동)",서울특별시 관악구 봉천동 969-34 ,193785.575373357    ,442938.397296552    ,028833955,151-829
신사골감자탕 서울대입구점,까페,영업/정상,"서울특별시 관악구 남부순환로216길 2, 지상1층 (봉천동)",서울특별시 관악구 봉천동 883-1 지상1층 ,195418.480626185    ,442130.61187604     ,,151-836
설대,까페,영업/정상,"서울특별시 관악구 봉천로62길 7 (봉천동,지하1층)",서울특별시 관악구 봉천동 1627-12 지하1층 ,196300.15400648     ,441720.636099418    ,0263345007,151-818
두끼 신림점,까페,영업/정상,"서울특별시 관악구 신림로 310, 지상2층 (신림동)",서울특별시 관악구 신림동 1641-23 지상2층 ,193755.566457244    ,442190.684267166    ,028891007,151-930
할리스커피,까페,영업/정상,"서울특별시 관악구 관악로 172, 2층 (봉천동)",서울특별시 관악구 봉천동 857-4 ,195775.685530712    ,442037.969539865    ,028776070,151-848
카페산다,까페,영업/정상,"서울특별시 관악구 낙성대로 22-13, 1층 (봉천동)",서울특별시 관악구 봉천동 1625-2 ,196248.958031896    ,441660.471495618    ,028882698,151-818
마티스커피,까페,영업/정상,"서울특별시 관악구 신림로59길 15-6 (신림동,지상2층)",서울특별시 관악구 신림동 1638-5 지상2층 ,193646.585563854    ,442293.769123929    ,028846321,151-930
연다라,까페,영업/정상,"서울특별시 관악구 남부순환로 1383, 지상2층 (신림동)",서울특별시 관악구 신림동 1669-10 지상2층 ,191481.375062999    ,442011.080333711    ,028518323,151-904
장미커피숍,까페,영업/정상,"서울특별시 관악구 조원로 14 (신림동,지하1층)",서울특별시 관악구 신림동 1654-14 지하1층 ,191421.687431288    ,442348.442482652    ,,151-903
세로토닌,까페,영업/정상,서울특별시 관악구 신림로22길 13 (신림동),서울특별시 관악구 신림동 110-47 ,194213.824519132    ,441092.437871895    ,028840936,151-927
Story Cafe(스토리카페),까페,영업/정상,서울특별시 관악구 봉천로7길 33 (102)호 (봉천동),서울특별시 관악구 봉천동 736-5 (102)호,193371.120657588    ,443165.346378076    ,028763201,151-830
설빙 신림점,까페,영업/정상,"서울특별시 관악구 남부순환로 1598 (신림동,지상2층)",서울특별시 관악구 신림동 1640-1 지상2층 ,193594.304197487    ,442396.913785697    ,028792080,151-930
테일오브테일스(Tale Of Tails),까페,영업/정상,"서울특별시 관악구 행운1길 2 (봉천동, 지상1층)",서울특별시 관악구 봉천동 1675-20 ,196302.609776107    ,441952.100128845    ,07088676957,151-849
보라매커피호프,까페,영업/정상,"서울특별시 관악구 보라매로 30, 지하1층 (봉천동)",서울특별시 관악구 봉천동 728-9 ,193476.441178688    ,443336.744163369    ,028785316,151-831
신세계커피호프,까페,영업/정상,"서울특별시 관악구 남부순환로 1543, 지하1층 (신림동)",서울특별시 관악구 신림동 465-29 ,193035.50250907     ,442363.315374288    ,028568882,151-893
아토(ato),까페,영업/정상,"서울특별시 관악구 청림6길 16, 1층 105,106호 (봉천동)",서울특별시 관악구 봉천동 15-5 ,196331.009138036    ,442758.993693355    ,,151-808
관악커피호프,까페,영업/정상,"서울특별시 관악구 남부순환로208길 10, 지하1층 (봉천동)",서울특별시 관악구 봉천동 927-26 ,194912.547175192    ,442169.547273536    ,,151-844
인아랑,까페,영업/정상,"서울특별시 관악구 호암로22길 50 (신림동, 지하1층)",서울특별시 관악구 신림동 1546-1 ,194218.484966592    ,440718.303523739    ,,151-897
솔이네 커피볶는집,까페,영업/정상,"서울특별시 관악구 행운2길 32 (봉천동,지상1층)",서울특별시 관악구 봉천동 1680-5 지상1층 ,196453.880361759    ,441858.863111107    ,07095789278,151-849
스아게 샤로수길,까페,영업/정상,"서울특별시 관악구 관악로14길 15, 2층 (봉천동)",서울특별시 관악구 봉천동 1599-4 ,195816.159351971    ,441900.009679596    ,028775700,151-835
유정커피호프,까페,영업/정상,"서울특별시 관악구 청룡1길 25, 지하1층 (봉천동)",서울특별시 관악구 봉천동 883-11 ,195307.689565218    ,442119.338285529    ,,151-836
스누샤 카페,까페,영업/정상,"서울특별시 관악구 관악로 1, 호암교수회관 127-1동 (봉천동)",서울특별시 관악구 봉천동 239-1 ,196294.779169252    ,440625.224575965    ,028800302,151-851
와필레&스트릿츄러스 센트럴시티점,까페,영업/정상,"서울특별시 서초구 신반포로 176, BPC101-5호 (반포동, 강남신세계백화점)","서울특별시 서초구 반포동 19-3 강남신세계백화점,BPC101-5호 ",200250.447804795    ,444683.220506107    ,0262630303,137-713
소리골,까페,영업/정상,"서울특별시 서초구 반포대로28길 46 (서초동, 우진B/D 지하1층)",서울특별시 서초구 서초동 1557-7 우진B/D 지하1층 ,200905.254773117    ,443212.913528507    ,025255958,137-873
카페아삽,까페,영업/정상,"서울특별시 서초구 서초중앙로8길 111, 지하1층 (서초동)",서울특별시 서초구 서초동 1617-38 지하 1층 ,201846.030457976    ,442783.402821814    ,,137-877
까페베네구반포점,까페,영업/정상,"서울특별시 서초구 신반포로 22, H동 14,207호 (반포동)","서울특별시 서초구 반포동 1053 H동 14,207호",198798.611235915    ,444320.555818579    ,,137-811
블랙드립,까페,영업/정상,"서울특별시 서초구 서초대로60길 9-4, 1층 (서초동)",서울특별시 서초구 서초동 1639-1 1층 ,201549.872320611    ,443579.352649284    ,,137-880
(주)보나비 아티제 잠원2점,까페,영업/정상,"서울특별시 서초구 잠원로 94, 1층 101호 (잠원동, 신반포중앙쇼핑센터상가 )",서울특별시 서초구 잠원동 65-32 신반포중앙쇼핑센터상가 1층 101호,200628.43767533     ,445580.594039349    ,0221555727,137-907
아디스아바바,까페,영업/정상,"서울특별시 서초구 서초중앙로22길 67, 1층 (서초동)",서울특별시 서초구 서초동 1675-9 1층 ,201482.967747049    ,443529.593569124    ,,137-881
세라워크,까페,영업/정상,"서울특별시 서초구 방배로42길 11, 1층 (방배동)",서울특별시 서초구 방배동 18-21 1층 ,198994.56275715     ,443688.768916899    ,,137-814
서울 만남의 광장 휴게소 할리스매장,까페,영업/정상,"서울특별시 서초구 양재대로12길 73-71, 1층 (원지동)",서울특별시 서초구 원지동 10-16 1층 ,203660.974632401    ,439769.465908071    ,025783372,137-150
인동상회,까페,영업/정상,"서울특별시 서초구 강남대로83길 23 (반포동,지하1층, 1층)","서울특별시 서초구 반포동 738-2 지하1층, 1층 ",201901.89743603     ,444866.490164205    ,,137-810
커피하우스 여행가방,까페,영업/정상,"서울특별시 서초구 청룡마을길 3, 2층 (신원동)",서울특별시 서초구 신원동 197-7 2층 ,205037.055172419    ,438176.47969333     ,,137-160
Cafe Urbanite,까페,영업/정상,"서울특별시 서초구 서초대로 261, 1층 (서초동)",서울특별시 서초구 서초동 1717-7 ,200843.660606572    ,443416.487173403    ,025375655,137-885
소운빙,까페,영업/정상,"서울특별시 서초구 신반포로 50, 엘동 5호 (반포동)",서울특별시 서초구 반포동 978 (1층) 엘동 5호,199059.644180682    ,444396.094036908    ,,137-811
터미널 에스프레소 하우스 언더그라운드점,까페,영업/정상,"서울특별시 서초구 신반포로 지하 200, 지하1층 G-024호 (반포동, 강남터미널지하쇼핑몰)",서울특별시 서초구 반포동 128-4 강남터미널지하쇼핑몰 지하1층 G-024호,200367.588604211    ,444873.437818732    ,,137-040
델리세,까페,영업/정상,서울특별시 서초구 동광로 106 (방배동),서울특별시 서초구 방배동 807-9 ,199386.460701298    ,443490.896483122    ,,137-831
작은 음악회,까페,영업/정상,"서울특별시 서초구 방배천로4길 18, 지하 1층 (방배동)",서울특별시 서초구 방배동 450-6 지하 1층 ,198470.355339974    ,441741.143574788    ,,137-818
파티오949,까페,영업/정상,"서울특별시 서초구 서래로7길 6, 1층 101호 (반포동)",서울특별시 서초구 반포동 94-9 1층 101호,199755.225148514    ,444079.070646616    ,025376983,137-806
커피할루카,까페,영업/정상,"서울특별시 서초구 양재천로11길 16, 1층 (양재동, 한사랑빌딩)",서울특별시 서초구 양재동 120-11 한사랑빌딩 1층 ,203151.601114652    ,441462.041168114    ,0234615537,137-891
오페라빈,까페,영업/정상,"서울특별시 서초구 방배로 35, 1층 (방배동)",서울특별시 서초구 방배동 1031-8 1층 ,199898.97447397     ,441742.908476014    ,,137-851
Label B(라벨비),까페,영업/정상,"서울특별시 서초구 서초중앙로 238 (반포동,삼호가든상가 106호)",서울특별시 서초구 반포동 30-25 삼호가든상가 106호 ,200996.974700931    ,444526.688404154    ,,137-801
까페�E라,까페,영업/정상,"서울특별시 서초구 강남대로99길 36, 1층 (잠원동)",서울특별시 서초구 잠원동 19-3 1층 ,201484.907792436    ,445861.078952221    ,,137-903
카페 드 람 cafe de lamp,까페,영업/정상,"서울특별시 서초구 방배로25길 12 (방배동,1층)",서울특별시 서초구 방배동 852-15 1층 ,199245.612982979    ,442948.46747473     ,,137-837
SLOW,까페,영업/정상,"서울특별시 서초구 서초대로77길 35, 1층 104호 (서초동)",서울특별시 서초구 서초동 1308-12 1층 ,202164.507811434    ,444290.79442503     ,0312765648,137-856
효림,까페,영업/정상,"서울특별시 서초구 서초대로 344, 지하1층 (서초동)",서울특별시 서초구 서초동 1677-14 지하1층 ,201619.603543809    ,443640.041974921    ,,137-881
오십사계단커피,까페,영업/정상,서울특별시 서초구 효령로2길 128 (방배동),서울특별시 서초구 방배동 488-1 ,199319.308866763    ,441373.348019311    ,,137-822
폴 바셋 교보문고강남점,까페,영업/정상,"서울특별시 서초구 강남대로 465, 지하2층 (서초동)",서울특별시 서초구 서초동 1303-22 지하2층 ,202058.674687128    ,444618.16731522     ,025336356,137-855
꼬마자동차,까페,영업/정상,"서울특별시 서초구 방배중앙로 191 (방배동,제라호내1호 2층)",서울특별시 서초구 방배동 761-4 제라호내1호 2층 ,198641.654906858    ,443758.56044761     ,025373848,137-828
스윗빈,까페,영업/정상,"서울특별시 서초구 서래로7길 20 (반포동,1층)",서울특별시 서초구 반포동 106-10 1층 ,199681.835054024    ,444070.302152339    ,,137-806
타미 하우스,까페,영업/정상,"서울특별시 서초구 서운로 226, 지상1층 109호 (서초동, 서초오피스텔)","서울특별시 서초구 서초동 1302-1 ,18호,19호 서초오피스텔 지상1층 109호",201853.889908967    ,444549.812390159    ,025990320,137-070
카페 힐,까페,영업/정상,"서울특별시 서초구 신반포로45길 23, 1층 103호 (잠원동)",서울특별시 서초구 잠원동 42-13 ,201553.136900873    ,445463.434164033    ,0234454523,137-906
PATIO(파티오),까페,영업/정상,"서울특별시 서초구 신반포로 15, 1층 2호 (반포동, G블럭)",서울특별시 서초구 반포동 817 G블럭 1층 2호,198709.424984305    ,444381.011606431    ,,137-040
루(RUE) 1487,까페,영업/정상,서울특별시 서초구 명달로8길 19-15 (서초동),서울특별시 서초구 서초동 1487-27 ,200476.351597173    ,442249.917630844    ,0234861487,137-869
메리크리스마스,까페,영업/정상,"서울특별시 서초구 강남대로83길 58, 1층 (반포동)",서울특별시 서초구 반포동 732-33 1층 ,201776.941930262    ,444752.801390254    ,,137-810
스타세일러커피,까페,영업/정상,"서울특별시 서초구 매헌로16길 26, 2층 202호 (양재동, 양재그린빌)",서울특별시 서초구 양재동 205-5 양재그린빌 2층 202호 ,203094.185512796    ,440482.593484032    ,,137-893
KELLER(켈러),까페,영업/정상,"서울특별시 서초구 방배천로18길 11, B동 101호 (방배동)",서울특별시 서초구 방배동 424-28 B동 101호,198554.622804054    ,442381.361375584    ,,137-817
까페테라스,까페,영업/정상,"서울특별시 서초구 강남대로8길 40-13 (양재동, 대건빌딩 102호)",서울특별시 서초구 양재동 340-3 외1필지 대건빌딩 102호 ,203767.925000914    ,440760.638333247    ,025765293,137-897
아울스토리,까페,영업/정상,"서울특별시 서초구 주흥1길 22, 지하1층 (반포동)",서울특별시 서초구 반포동 742-5 지하1층 ,201657.281          ,444630.063333333    ,025189438,137-810
파브리끄,까페,영업/정상,"서울특별시 서초구 서운로6길 25, 1층 (서초동)",서울특별시 서초구 서초동 1359-14 1층 ,202659.226462977    ,442623.749630169    ,07077764536,137-863
소녀시대,까페,영업/정상,"서울특별시 서초구 강남대로6길 44-2, 지하 1층 (양재동)",서울특별시 서초구 양재동 355 지하1층 ,203761.330366642    ,440611.579630066    ,025752352,137-898
오떼르카페,까페,영업/정상,"서울특별시 서초구 강남대로61길 23 (서초동,오르시떼 1층 102,103,104호)","서울특별시 서초구 서초동 1316-13 오르시떼 1층 102,103,104호 ",202092.705482108    ,443982.515164914    ,025354997,137-856
화이트 쇼콜라 양재점,까페,영업/정상,"서울특별시 서초구 마방로2길 29, 지상1층 (양재동)",서울특별시 서초구 양재동 242-10 지상1층 ,203417.73976052     ,441128.358284123    ,,137-894
런웨이 패션카페(RUNWAY FASHION CAFE),까페,영업/정상,"서울특별시 서초구 효령로 257 (서초동,대명빌딩 2층)",서울특별시 서초구 서초동 1585-17 대명빌딩 2층 ,201017.298724952    ,442479.147743517    ,025870435,137-875
서라벌 한정식 서초점,까페,영업/정상,"서울특별시 서초구 법원로3길 6-9 (서초동,법조빌딩 지하1층)",서울특별시 서초구 서초동 1706-3 법조빌딩 지하1층 ,200749.004450285    ,443563.03914719     ,0234782500,137-884
아뜨리에 파젠다(Atelier FAZENDA),까페,영업/정상,"서울특별시 서초구 서초대로 115 (방배동,정다운빌딩 103호)",서울특별시 서초구 방배동 876-24 정다운빌딩 103호 ,199465.692062172    ,442902.922011073    ,025343912,137-840
flower cafe tiffany (플라워까페티파니),까페,영업/정상,"서울특별시 서초구 양재천로 135-10, 1층 (양재동)",서울특별시 서초구 양재동 89-9 1층 ,203630.458453036    ,441902.417094939    ,,137-890
카페 커먼띵스,까페,영업/정상,"서울특별시 서초구 남부순환로339길 25, 1층 101호 (서초동)",서울특별시 서초구 서초동 1432-24 1층 101호,201896.79543602     ,442443.044169434    ,0234729333,137-865
모범시민카페,까페,영업/정상,"서울특별시 서초구 강남대로47길 30, 1층 (서초동)",서울특별시 서초구 서초동 1341-9 1층 ,202583.357812661    ,442930.368048556    ,,137-861
비노스테이크 by 비노플라워,까페,영업/정상,"서울특별시 서초구 사평대로 106, 1층 (반포동)",서울특별시 서초구 반포동 107-6 1층 ,199590.363873785    ,444073.778899998    ,025930344,137-806
에델바움,까페,영업/정상,"서울특별시 서초구 방배로3길 10-3, 지하1층 (방배동)",서울특별시 서초구 방배동 1030-1 지하1층 ,199834.861403738    ,441730.032537016    ,027060350,137-851
디·마르가리따,까페,영업/정상,"서울특별시 서초구 효령로 202, 지하1층 (서초동)",서울특별시 서초구 서초동 1487-3 지하1층 ,200497.10550262     ,442298.169705667    ,0226370315,137-869
BEEREN(베렌),까페,영업/정상,"서울특별시 서초구 효령로 47 (방배동, 2층)",서울특별시 서초구 방배동 980-56 2층 ,198990.368553519    ,441860.68552947     ,0234725700,137-847
더 타임,까페,영업/정상,"서울특별시 서초구 강남대로8길 23-1, 1층 (양재동)",서울특별시 서초구 양재동 330-1 1층 ,203649.733339787    ,440686.565099893    ,025759443,137-897
더 리얼치즈 버거 서초,까페,영업/정상,서울특별시 서초구 서초대로42길 96 (서초동),서울특별시 서초구 서초동 1545-5 (1층) ,200838.385438457    ,442863.707376169    ,025869200,137-872
정남,까페,영업/정상,"서울특별시 서초구 법원로2길 14 (서초동,(지하1층))",서울특별시 서초구 서초동 1715-2 (지하1층) ,201040.977485342    ,443517.263031779    ,025917010,137-885
cafe 安(편안할안),까페,영업/정상,"서울특별시 서초구 양재대로11길 36, 비111호 (양재동, 서울오토갤러리 은관(나동))",서울특별시 서초구 양재동 217 서울오토갤러리 은관(나동)비111 ,203059.646700644    ,439960.533113874    ,,137-917
카페헤세드,까페,영업/정상,"서울특별시 서초구 남부순환로347길 65 (서초동,(1층))",서울특별시 서초구 서초동 1359-4 (1층) ,202641.542784142    ,442777.586714277    ,,137-863
하드롤스(Hard Rolls),까페,영업/정상,서울특별시 서초구 명달로 106 (서초동),서울특별시 서초구 서초동 1515-2 ,200324.639916778    ,442712.488705891    ,,137-871
(주)보나비 아티제 잠원파스텔점,까페,영업/정상,"서울특별시 서초구 신반포로33길 23 (잠원동, 파스텔프라자B동 파스텔골프클럽)",서울특별시 서초구 잠원동 66-2 파스텔프라자B동 파스텔골프클럽 ,200790.152915856    ,445309.5334354      ,025920018,137-907
아이엠바리스타,까페,영업/정상,"서울특별시 서초구 동광로 41, 1층 (방배동)",서울특별시 서초구 방배동 792-4 1층 ,198802.058902238    ,443283.476463279    ,0269250813,137-830
I see you(아이 씨 유),까페,영업/정상,"서울특별시 서초구 서초대로 334, 110호 (서초동, 브라운스톤서초)",서울특별시 서초구 서초동 1677-1 브라운스톤서초 110호,201547.263505854    ,443612.048678072    ,025860012,137-881
담연,까페,영업/정상,"서울특별시 서초구 효령로31길 81, 지하1층 (방배동)",서울특별시 서초구 방배동 926-13 지하1층 ,199454.406455466    ,442486.844535309    ,,137-843
M & YOU (앰앤유),까페,영업/정상,"서울특별시 서초구 강남대로30길 34, 지하1층 (양재동)",서울특별시 서초구 양재동 17-22 지하1층 ,203388.482283387    ,442210.097016606    ,025793655,137-888
로뎀나무,까페,영업/정상,"서울특별시 서초구 동광로19길 10-3, 1층 103호 (방배동)",서울특별시 서초구 방배동 795-7 1층 103호,198994.733253898    ,443430.796679084    ,,137-830
까페원더,까페,영업/정상,서울특별시 서초구 바우뫼로41길 88 (양재동),서울특별시 서초구 양재동 7-1 ,203460.560266754    ,442461.603929768    ,025752476,137-886
ivy(아이비),까페,영업/정상,"서울특별시 서초구 서초중앙로5길 10-8, 101호 (서초동, 우성쁘띠빌)",서울특별시 서초구 서초동 1600-9 우성쁘띠빌 101호,201270.012577683    ,442622.709265401    ,,137-953
모이다(moida),까페,영업/정상,"서울특별시 서초구 방배로6길 10-21 (방배동,105호)",서울특별시 서초구 방배동 1020-5 105호 ,199993.138726887    ,441792.894584264    ,025865252,137-851
조효상점,까페,영업/정상,"서울특별시 서초구 강남대로8길 39-15, 1층 (양재동)",서울특별시 서초구 양재동 332-1 1층 ,203662.510017446    ,440793.243331849    ,025763321,137-897
카페꼬꼬,까페,영업/정상,"서울특별시 서초구 고무래로 16, 2층 (반포동)",서울특별시 서초구 반포동 55-3 2층 ,200841.958333415    ,444550.176944902    ,,137-803
자코커피,까페,영업/정상,"서울특별시 서초구 반포대로12길 29, 1층 (서초동)",서울특별시 서초구 서초동 1589-4 1층 ,201066.818606401    ,442553.417053589    ,,137-876
달과 6펜스,까페,영업/정상,"서울특별시 서초구 반포대로22길 79-5, 지하층 (서초동, 문화빌딩)",서울특별시 서초구 서초동 1569-5 문화빌딩 지하층 ,201028.575315698    ,443204.963095165    ,,137-874
동건's 애견카페,까페,영업/정상,"서울특별시 서초구 방배중앙로 157, A동 2층 (방배동)",서울특별시 서초구 방배동 778-20 A동 2층 ,198710.697204041    ,443442.268007451    ,025338146,137-829
초초 베이크숍(ChoCho Bakeshop),까페,영업/정상,"서울특별시 서초구 효령로49길 19, 영광빌딩 1층 102호 (서초동)",서울특별시 서초구 서초동 1531-3 영광빌딩 1층 102호 ,200823.620321892    ,442510.355901389    ,,137-871
해피모아(Happy more),까페,영업/정상,"서울특별시 서초구 강남대로101길 31 (잠원동,1층)",서울특별시 서초구 잠원동 11-3 1층 ,201510.269536358    ,446098.762055175    ,025416271,137-902
아토즈(A to Z),까페,영업/정상,"서울특별시 서초구 효령로31길 63, 지하1층 (방배동)",서울특별시 서초구 방배동 923-12 지하1층 ,199493.684561767    ,442409.775433799    ,,137-843
그루브,까페,영업/정상,"서울특별시 서초구 신반포로47길 52, 지하1층 (잠원동)",서울특별시 서초구 잠원동 36-3 ,201561.684195785    ,445606.86203148     ,025149973,137-905
카페 유(cafe U),까페,영업/정상,"서울특별시 서초구 동광로12가길 36, 지상1층 (방배동)",서울특별시 서초구 방배동 1648 지상1층 ,198414.470365679    ,442821.204626772    ,,137-852
카페 하스카(CAFE HASKKA),까페,영업/정상,"서울특별시 서초구 신반포로45길 6, 1층 (잠원동)",서울특별시 서초구 잠원동 40-6 1층 ,201621.427306616    ,445405.317953726    ,0263978699,137-905
이음까페,까페,영업/정상,"서울특별시 서초구 서초대로55길 17, 1층 (서초동, 중추빌딩)",서울특별시 서초구 서초동 1697-12 중추빌딩 ,201261.613188064    ,443775.032195554    ,,137-883
유화,까페,영업/정상,서울특별시 서초구 주흥길 3 (반포동),서울특별시 서초구 반포동 745-6 ,201765.042541746    ,444619.143016388    ,,137-810
이올로화덕피자,까페,영업/정상,"서울특별시 서초구 강남대로39길 5 (서초동,두산위브 106호일부)",서울특별시 서초구 서초동 1362 두산위브 106호일부 ,202814.547442793    ,442662.268719493    ,025229994,137-863
코치 찰리,까페,영업/정상,"서울특별시 서초구 서초대로 389, 104호 (서초동, 진흥상가)",서울특별시 서초구 서초동 1315 진흥상가 104호,201930.014907812    ,443904.461723691    ,,137-856
조선커피,까페,영업/정상,"서울특별시 서초구 바우뫼로33길 7-12, 지상 1층 (양재동)",서울특별시 서초구 양재동 69-4 지상 1층 ,203200.674497462    ,441736.008135539    ,0220577771,137-889
투썸플레이스 방배역,까페,영업/정상,"서울특별시 서초구 방배로 97, 1층 (방배동, 청유빌딩)",서울특별시 서초구 방배동 910-14 청유빌딩 1층 ,199606.291233026    ,442298.073952228    ,025882633,137-842
파스타달리,까페,영업/정상,"서울특별시 서초구 방배천로2안길 33, 1층 (방배동)",서울특별시 서초구 방배동 451-23 1층 ,198496.197314075    ,441813.511843246    ,,137-818
카페미니지,까페,영업/정상,,서울특별시 서초구 양재동 24 양재동스포타임 3층 ,203028.520902327    ,442302.889340581    ,0234637977,137-889
서울만남의광장 휴게소 TOM N TOMS(탐 앤 탐스),까페,영업/정상,"서울특별시 서초구 양재대로12길 73-71, 1층 (원지동)",서울특별시 서초구 원지동 10-16 1층 ,203660.974632401    ,439769.465908071    ,025783372,137-150
트레이더,까페,영업/정상,"서울특별시 서초구 효령로 316-1, 2층 (서초동)",서울특별시 서초구 서초동 1443-5 2층 ,201610.409470003    ,442584.57870801     ,,137-865
유남생,까페,영업/정상,"서울특별시 서초구 강남대로10길 65, 102호 (양재동)",서울특별시 서초구 양재동 333-15 102호,203684.320210996    ,440865.298328258    ,0260918035,137-897
넷째네 양꼬치,까페,영업/정상,"서울특별시 서초구 강남대로16길 4, 2층 (양재동)",서울특별시 서초구 양재동 316 2층 ,203403.679377898    ,440951.328113359    ,,137-896
마가렛,까페,영업/정상,"서울특별시 강남구 선릉로 225, 1층 111호 (도곡동, 도곡렉슬상가)",서울특별시 강남구 도곡동 527-3 도곡렉슬상가 1층 111호,204586.370038998    ,443682.974096       ,,135-270
지호한방삼계탕 도곡점,까페,영업/정상,"서울특별시 강남구 논현로28길 33, 1층 (도곡동)",서울특별시 강남구 도곡동 517-18 1층 ,203868.822441563    ,442428.209039301    ,,135-854
에스카페(S cafe),까페,영업/정상,"서울특별시 강남구 도곡로4길 9, 지하1층 (도곡동)",서울특별시 강남구 도곡동 944 ,202897.241581683    ,443023.66288006     ,,135-860
라떼퀸,까페,영업/정상,"서울특별시 강남구 역삼로 149, 1층 (역삼동)",서울특별시 강남구 역삼동 751-7 1층 ,203061.707179152    ,443636.493194799    ,,135-925
쥬디(그녀의 커피),까페,영업/정상,"서울특별시 강남구 선릉로148길 52-18, 1층 (청담동)",서울특별시 강남구 청담동 19-32 ,203781.444960832    ,446633.0136886      ,,135-949
소소호프,까페,영업/정상,"서울특별시 강남구 남부순환로370길 9, 1층 (도곡동)",서울특별시 강남구 도곡동 412-13 ,203693.04           ,442531.895          ,,135-854
더벤티 강남구청역점,까페,영업/정상,"서울특별시 강남구 선릉로 705, 지상1층 (논현동)",서울특별시 강남구 논현동 111-31 지상1층 ,203533.588920662    ,446192.478102811    ,,135-820
모멘텀라운지,까페,영업/정상,"서울특별시 강남구 테헤란로79길 25-1, 1층 (삼성동, 준빌딩)",서울특별시 강남구 삼성동 129-15 ,204756.6855378      ,445122.670683065    ,,135-875
�h스커피(perks),까페,영업/정상,"서울특별시 강남구 삼성로 517, 지상1층 108-1호 (삼성동, 채널리저브)",서울특별시 강남구 삼성동 144-14 지상1층 ,204828.180350057    ,445089.672895407    ,,135-877
카페 루카,까페,영업/정상,"서울특별시 강남구 봉은사로43길 28, 101호 (논현동)",서울특별시 강남구 논현동 272-7 101호,203418.771110902    ,445431.731942551    ,,135-833
탄탄면공방(강남점),까페,영업/정상,"서울특별시 강남구 테헤란로4길 40, 지상1층 (역삼동)",서울특별시 강남구 역삼동 826-36 지상1층 ,202628.563346766    ,443736.233740028    ,025559576,135-935
야키토리 나루토 강남점,까페,영업/정상,"서울특별시 강남구 봉은사로6길 38, 지상1층 101,102호 (역삼동)","서울특별시 강남구 역삼동 619-0 지상1층 101,102호 ",202367.278542759    ,444482.115207364    ,,135-908
투썸플레이스 강남역중앙점,까페,영업/정상,"서울특별시 강남구 테헤란로1길 16, 지상2층 (역삼동, 삼원빌딩)",서울특별시 강남구 역삼동 818-15 삼원빌딩 2층 ,202400.788864932    ,444136.853424488    ,,135-932
다인,까페,영업/정상,"서울특별시 강남구 언주로130길 8, 지하1층 (논현동)",서울특별시 강남구 논현동 248-1 지하1층 ,203124.19212775     ,445832.097330546    ,,135-832
더 플레이트 디저트,까페,영업/정상,"서울특별시 강남구 논현로 854, 지하1층 101호 (신사동)",서울특별시 강남구 신사동 603 ,202482.216634599    ,447020.420866992    ,,135-893
주식회사 조인앤컴퍼니,까페,영업/정상,"서울특별시 강남구 강남대로152길 28, 3층 302호 (신사동)",서울특별시 강남구 신사동 514-4 ,201849.459881802    ,446154.745966326    ,,135-887
설빙 강남역지점,까페,영업/정상,"서울특별시 강남구 테헤란로1길 42, 지상1층 (역삼동)",서울특별시 강남구 역삼동 619-18 ,202331.799925011    ,444321.923841013    ,0262149981,135-908
파이하우스,까페,영업/정상,"서울특별시 강남구 선릉로62길 29, 지상1층 101호 (대치동, 석수빌딩)",서울특별시 강남구 대치동 935-28 석수빌딩 지상1층 101호,204788.170038082    ,443970.2959982      ,,135-998
카페 두 레브,까페,영업/정상,"서울특별시 강남구 헌릉로569길 23, 1층 (세곡동, B동 유찬빌딩)",서울특별시 강남구 세곡동 593 B동 유찬빌딩 1층 ,208709.454453178    ,440518.696295713    ,,135-190
산펠레,까페,영업/정상,"서울특별시 강남구 영동대로142길 25, 지상1층 102호 (청담동)",서울특별시 강남구 청담동 130 ,204811.343828356    ,447001.699804695    ,,135-957
카페올,까페,영업/정상,"서울특별시 강남구 논현로16길 12, 1층 (개포동)",서울특별시 강남구 개포동 1226-11 ,204128              ,441567.945          ,,135-963
판타스틱 라운지,까페,영업/정상,"서울특별시 강남구 학동로30길 43, 지상1층 (논현동, 진도빌딩)",서울특별시 강남구 논현동 220-9 ,202853.255485089    ,445470.09214012     ,025583625,135-829
파모소카페(Famoso Cafe'),까페,영업/정상,"서울특별시 강남구 도산대로 427, 지상1층 (청담동)",서울특별시 강남구 청담동 91-9 ,203693.316311124    ,446862.339554608    ,025463005,135-954
커피커피플리즈,까페,영업/정상,"서울특별시 강남구 강남대로92길 17, 지상1층 (역삼동, 대승빌딩)",서울특별시 강남구 역삼동 819-7 대승빌딩 지상1층 ,202475.653342981    ,444101.87755006     ,025550515,135-932
플라워,까페,영업/정상,"서울특별시 강남구 도산대로50길 13 (논현동, 지하1층)",서울특별시 강남구 논현동 95-16 지하1층 ,203262.260202912    ,446597.07239259     ,,135-819
네세서리 커피,까페,영업/정상,"서울특별시 강남구 양재대로35길 5, 1층 (일원동)",서울특별시 강남구 일원동 680-3 1층 ,207309.28579775     ,443095.117179676    ,,135-516
카페 멜로우,까페,영업/정상,"서울특별시 강남구 압구정로 132, 1층 102호 (신사동, 용진빌딩)",서울특별시 강남구 신사동 549 ,201984.506744104    ,446888.643606537    ,025434405,135-890
크루터,까페,영업/정상,"서울특별시 강남구 강남대로154길 24, 지상1층 (신사동)",서울특별시 강남구 신사동 512-8 지상1층 ,201794.516386292    ,446182.315581436    ,,135-887
커피캣츠웰,까페,영업/정상,"서울특별시 강남구 학동로67길 12, 지상1층 (청담동)",서울특별시 강남구 청담동 34-9 지상1층 ,204063.240151336    ,446315.452314899    ,025722527,135-950
머치스,까페,영업/정상,"서울특별시 강남구 삼성로 155, 지상1층 124호 (대치동, 대치퍼스트빌딩)",서울특별시 강남구 대치동 507-2 대치퍼스트빌딩 지상1층 124호,205496.329962005    ,443515.70221107     ,,135-836
메리제인 카페,까페,영업/정상,"서울특별시 강남구 선릉로64길 28, 지하1층 3호 (대치동)",서울특별시 강남구 대치동 935-4 ,204755.601783957    ,444003.473695646    ,025520702,135-998
리틀앤머치,까페,영업/정상,"서울특별시 강남구 학동로56길 49, 1층 (삼성동)",서울특별시 강남구 삼성동 10-8 성림빌딩1층 ,203777.399218075    ,445758.116916328    ,,135-864
다이빙포펄스(DIVING FOR PEARLS),까페,영업/정상,"서울특별시 강남구 도산대로85길 40-14, 지상1층 (청담동)",서울특별시 강남구 청담동 111-5 ,204368.75720434     ,447257.069093744    ,,135-955
카페자이언 삼성중앙점,까페,영업/정상,"서울특별시 강남구 삼성로111길 7, 103호 (삼성동, 현대빌딩)",서울특별시 강남구 삼성동 51-3 ,204578.418469702    ,445676.115266545    ,,135-868
(주)더츠커피 삼성본점,까페,영업/정상,"서울특별시 강남구 봉은사로68길 33, 1,2층 (삼성동)",서울특별시 강남구 삼성동 123-9 ,204477.875          ,445328.075          ,,135-875
까사데 롤라,까페,영업/정상,"서울특별시 강남구 논현로153길 57, B1층 (신사동)",서울특별시 강남구 신사동 542-3 지하1층 ,202017.811168308    ,446423.15845801     ,,135-889
비비바로(BB바로),까페,영업/정상,"서울특별시 강남구 도산대로15길 21, 1층 (신사동)",서울특별시 강남구 신사동 542-8 ,202020.30211081     ,446384.461651126    ,,135-889
압구정볶는커피(청담점),까페,영업/정상,"서울특별시 강남구 도산대로58길 17, 지상1층 (청담동)",서울특별시 강남구 청담동 21-17 지상1층 ,203601.732298039    ,446649.016296493    ,025129141,135-950
청춘 해장국,까페,영업/정상,"서울특별시 강남구 언주로79길 14, 지상2층 202호 (역삼동)",서울특별시 강남구 역삼동 724-45 지상2층 202호,203721.836960193    ,444127.21917103     ,,135-920
스틸,까페,영업/정상,"서울특별시 강남구 선릉로152길 7, 지하1층 (청담동)",서울특별시 강남구 청담동 85-7 ,203480.768879528    ,446892.111759277    ,025472016,135-954
(주)카페일레븐,까페,영업/정상,"서울특별시 강남구 봉은사로 111, 1층 (논현동, 이에스타워)",서울특별시 강남구 논현동 201-12 ,202203.48994884     ,444774.240257033    ,,135-545
카페사이,까페,영업/정상,"서울특별시 강남구 선릉로135길 13-4, 1층 (논현동)",서울특별시 강남구 논현동 110-18 1층 ,203415.688854484    ,446227.480813199    ,,135-821
제임스,까페,영업/정상,"서울특별시 강남구 언주로85길 23-10, 지하1층 (역삼동)",서울특별시 강남구 역삼동 723-31 ,203599.729036396    ,444220.516917222    ,,135-920
로티바,까페,영업/정상,"서울특별시 강남구 역삼로5길 8, 1층 (역삼동, 시드니빌딩)",서울특별시 강남구 역삼동 830-55 시드니빌딩1층 ,202794.946989517    ,443581.748716459    ,,135-936
꿍탈레,까페,영업/정상,"서울특별시 강남구 압구정로10길 14, 2층 (신사동)",서울특별시 강남구 신사동 531-1 2층 ,201851.601305447    ,446730.444128558    ,,135-888
카페케로,까페,영업/정상,"서울특별시 강남구 학동로42길 57, 지상1층 (논현동)",서울특별시 강남구 논현동 262-6 지상1층 ,203204.798695199    ,445512.251472518    ,,135-832
에이씨(AC),까페,영업/정상,"서울특별시 강남구 논현로 416, 지하1층 (역삼동, 운기빌딩)",서울특별시 강남구 역삼동 727-8 운기빌딩 지하1층 ,203372.036181772    ,443913.729321223    ,,135-921
하이볼가든(Highball Garden),까페,영업/정상,"서울특별시 강남구 논현로161길 39, 지하1층 101호 (신사동)",서울특별시 강남구 신사동 552-3 ,202138.722296034    ,446738.937026483    ,,135-890
(주)수인푸드,까페,영업/정상,"서울특별시 강남구 남부순환로 2917, 청실종합상가 지상1층 117-가호,나호 (대치동)",서울특별시 강남구 대치동 626 청실종합상가 ,205154.638096613    ,443439.981644506    ,,135-838
카페751,까페,영업/정상,"서울특별시 강남구 봉은사로 129, 지하1층 (논현동, 거평타운)",서울특별시 강남구 논현동 203-1 ,202425.73           ,444852.88           ,,135-545
루스터로스터스,까페,영업/정상,"서울특별시 강남구 도산대로33길 20, 지상1층 (신사동, 제이에스 빌딩 )",서울특별시 강남구 신사동 589 제이에스 빌딩 1층 ,202573.370704171    ,446633.675982691    ,07042390931,135-893
알라카르테 강남,까페,영업/정상,"서울특별시 강남구 논현로 539, 지하1층 (역삼동)",서울특별시 강남구 역삼동 628-9 ,203014.845          ,444686.8            ,0221391982,135-908
The Beatles(비틀즈),까페,영업/정상,"서울특별시 강남구 강남대로118길 43, 시화빌딩 지하1층 (논현동)",서울특별시 강남구 논현동 181-10 시화빌딩 지하1층 ,202276.010083495    ,445023.253055797    ,,135-827
(주)보나비 아티제 대치은마점,까페,영업/정상,"서울특별시 강남구 도곡로 510 (대치동, 지상1층 4,5,6,7호)","서울특별시 강남구 대치동 989-2 지상1층 4,5,6,7호 ",205408.737772774    ,444079.844884174    ,027250081,135-501
카페데베르,까페,영업/정상,"서울특별시 강남구 역삼로 225, 지하1층 (역삼동)",서울특별시 강남구 역삼동 733-22 지하1층 ,203585.942327815    ,443887.22112891     ,025015603,135-514
커피살롱,까페,영업/정상,"서울특별시 강남구 언주로134길 37, 지상1층 (논현동)",서울특별시 강남구 논현동 113-21 지상1층 ,203339.5562634      ,446126.348621015    ,,135-821
맨메이드우영미(MAN NADE WOOYOUNGMI),까페,영업/정상,"서울특별시 강남구 선릉로153길 35, 지상2층 일부호 (신사동)",서울특별시 강남구 신사동 648-1 지상2층일부 ,203160.540949408    ,446923.939007768    ,0220156300,135-896
자매의부엌,까페,영업/정상,"서울특별시 강남구 압구정로10길 40, 지상2층 (신사동)",서울특별시 강남구 신사동 520-7 ,201875.388823148    ,446520.90524898     ,025166767,135-888
메가박스중앙(주)코엑스지점 클로즈업바,까페,영업/정상,"서울특별시 강남구 영동대로 513, 지하1층 (삼성동, 코엑스몰)",서울특별시 강남구 삼성동 159 ,205130.591678902    ,445590.096837802    ,07048802267,135-090
돌핀,까페,영업/정상,"서울특별시 강남구 테헤란로 101, 지하1층 E41호 (역삼동, 강남역지하도상가)",서울특별시 강남구 역삼동 821-1 강남역지하도상가 지하1층 E41호,202411.194406508    ,444045.193450289    ,,135-933
인딕슬로우(INDICSLOW),까페,영업/정상,"서울특별시 강남구 압구정로4길 13, 지상1층 (신사동)",서울특별시 강남구 신사동 525-4 지상1층 ,201726.400762782    ,446630.430393152    ,025110139,135-888
바델마,까페,영업/정상,"서울특별시 강남구 압구정로20길 19, 지하1층 (신사동)",서울특별시 강남구 신사동 572-3 ,202206.570094368    ,446951.967880494    ,,135-891
후루룩커피(Hururuk coffee),까페,영업/정상,"서울특별시 강남구 테헤란로83길 40, 1층 (삼성동)",서울특별시 강남구 삼성동 153-21 1층일부 ,204958.818839123    ,445317.841528256    ,07082466189,135-878
베짱이 커피집,까페,영업/정상,"서울특별시 강남구 도곡로18길 4, 지상1층 (도곡동)",서울특별시 강남구 도곡동 546-6 지상1층 ,203285.928700512    ,443217.460445923    ,,135-858
카페 하파라이,까페,영업/정상,"서울특별시 강남구 선릉로76길 40, 1층 2호 (대치동, 신호빌딩)",서울특별시 강남구 대치동 906-16 신호빌딩 1층 2호,204684.397577147    ,444438.89018155     ,,135-841
스토리,까페,영업/정상,"서울특별시 강남구 논현로86길 34, 지하1층 (역삼동)",서울특별시 강남구 역삼동 725-25 ,203494.549317446    ,444239.82935402     ,,135-921
주상복합,까페,영업/정상,"서울특별시 강남구 봉은사로59길 12, 1층 103호 (삼성동)",서울특별시 강남구 삼성동 40-8 ,203985.637570689    ,445510.966514155    ,,135-867
네버랜드,까페,영업/정상,"서울특별시 강남구 봉은사로7길 32, 1층 (논현동)",서울특별시 강남구 논현동 180-2 ,202340.86560869     ,445048.500555941    ,,135-827
슈만드젠,까페,영업/정상,"서울특별시 강남구 도산대로11길 43, 지상1층 (신사동)",서울특별시 강남구 신사동 519-15 지상1층 ,201886.135646774    ,446445.844337744    ,,135-888
폴 바셋 코엑스몰점,까페,영업/정상,"서울특별시 강남구 영동대로 513, 컨벤션센터동 지상1층 P104호 (삼성동, 코엑스몰)",서울특별시 강남구 삼성동 159 ,205130.591678902    ,445590.096837802    ,0234540349,135-090
에피그램(epigram),까페,영업/정상,"서울특별시 강남구 영동대로 511, 지하1층 C112호 (삼성동, 트레이드타워(코엑스몰))",서울특별시 강남구 삼성동 159 ,205130.591678902    ,445590.096837802    ,,135-090
보리수,까페,영업/정상,"서울특별시 강남구 언주로 21, 지상1층 (개포동, 수정목용탕)",서울특별시 강남구 개포동 656 ,,,,135-808
커핀그루나루대치목련공원점,까페,영업/정상,"서울특별시 강남구 도곡로77길 26, 지상1층 102호 (대치동, 대치빌딩)",서울특별시 강남구 대치동 929-11 대치빌딩 지상1층 102호,205070.382829545    ,444198.434432465    ,,135-998
콩스커피,까페,영업/정상,"서울특별시 강남구 봉은사로38길 12, 1층 (역삼동)",서울특별시 강남구 역삼동 655-26 1층일부 ,203250.546106565    ,445022.309557875    ,,135-913
카페868,까페,영업/정상,"서울특별시 강남구 테헤란로2길 22, 1층 (역삼동)",서울특별시 강남구 역삼동 825-6 ,202504.837535873    ,443841.624448365    ,025795721,135-934
폴 바셋 압구정2호점,까페,영업/정상,"서울특별시 강남구 압구정로36길 8, 지상1층 (신사동)",서울특별시 강남구 신사동 615-4 ,202696.95755424     ,447305.523058661    ,,135-894
카페5,까페,영업/정상,"서울특별시 강남구 언주로172길 65, 1층 102호 (신사동)",서울특별시 강남구 신사동 662-17 ,203385.247196231    ,447184.098634847    ,,135-897
두지엠 아 라크렘,까페,영업/정상,"서울특별시 강남구 논현로142길 13, 지상1층 (논현동, 논현동빌딩)",서울특별시 강남구 논현동 74-19 ,202618.287070309    ,446139.418011675    ,22266151,135-995
비비드빈(VIVID BEAN),까페,영업/정상,"서울특별시 강남구 논현로150길 31, 103호 (논현동)",서울특별시 강남구 논현동 61-19 103호,202666.494910701    ,446401.751938484    ,025495823,135-816
지유가오카 핫초메 8호점,까페,영업/정상,"서울특별시 강남구 테헤란로52길 16, 지하1층 11호 (역삼동, 상가1동)",서울특별시 강남구 역삼동 709-0 상가1동 지하1층 11호,204062.155802388    ,444460.973372287    ,07088046226,135-919
카페포엠,까페,영업/정상,"서울특별시 강남구 테헤란로 309, 삼성제일빌딩 지하1층 3호 (역삼동)",서울특별시 강남구 역삼동 702-2 삼성제일빌딩 ,203846.905722439    ,444606.040629202    ,,135-751
애뿔,까페,영업/정상,"서울특별시 강남구 논현로72길 20, 지상1층 102호 (역삼동)",서울특별시 강남구 역삼동 775-4 ,203570.180436819    ,443733.63928945     ,,135-928
커피마블,까페,영업/정상,"서울특별시 강남구 삼성로 743, 지상1층 (청담동)",서울특별시 강남구 청담동 9-7 지상1층 ,204205.159093043    ,446605.033532586    ,,135-949
에스트릭 에잇(asterisk 8),까페,영업/정상,"서울특별시 강남구 강남대로128길 34, 지상1층 101호 (논현동)",서울특별시 강남구 논현동 139-32 지상1층 101호,202131.598937015    ,445363.135879482    ,,135-822
신라스테이 역삼카페(Cafe),까페,영업/정상,"서울특별시 강남구 언주로 517, 3층 (역삼동, KT영동지사 호텔동)",서울특별시 강남구 역삼동 675-3 ,203578.799034139    ,444715.394917107    ,0222305949,135-915
골든 커피 로스터스,까페,영업/정상,"서울특별시 송파구 양재대로71길 16-28, 지상1층 (방이동)",서울특별시 송파구 방이동 187-17 ,211064.138651643    ,445520.507681462    ,,138-834
Cafe Sopia 커피볶는집,까페,영업/정상,"서울특별시 송파구 양재대로 1222, 1층 172호 (방이동, 올림픽프라자 상가)",서울특별시 송파구 방이동 89-11 ,211619.368009793    ,445963.384875409    ,,138-829
황제커피솝,까페,영업/정상,"서울특별시 송파구 마천로 186, 지하1층 (오금동)",서울특별시 송파구 오금동 131 ,212269.75403479     ,444510.001494022    ,,138-859
커피인페르노,까페,영업/정상,"서울특별시 송파구 거마로9길 24, 지상1층 1호 (거여동)",서울특별시 송파구 거여동 135-19 지상1층 1호,212628.955539532    ,443899.623269319    ,,138-813
해피팝,까페,영업/정상,"서울특별시 송파구 올림픽로 240 (잠실동,영프라자 지하1층 Y-044호)",서울특별시 송파구 잠실동 40-1 영프라자 지하1층 Y-044호 ,208589.363343145    ,445455.90405262     ,,138-915
Le pain(르빵),까페,영업/정상,"서울특별시 송파구 백제고분로41길 12, 101,102호 (송파동)",서울특별시 송파구 송파동 22 ,209497.777229207    ,445007.019828102    ,07089737004,138-848
염소의 커피집,까페,영업/정상,"서울특별시 송파구 중대로 24, 114호 (문정동)",서울특별시 송파구 문정동 150-20 ,210339.674694107    ,443161.113158719    ,024002990,138-885
우정국,까페,영업/정상,"서울특별시 송파구 올림픽로32길 42-6, 지상1층 (방이동)",서울특별시 송파구 방이동 93-7 지상1층 ,209699.18856801     ,445614.288098816    ,,138-829
크래프트아일랜드 잠실점 별관2호,까페,영업/정상,"서울특별시 송파구 올림픽로35가길 10, 지상1층 109호 (신천동, 잠실더�聘뵀맥컵㈊箚�)",서울특별시 송파구 신천동 7-14 잠실더�聘뵀맥컵㈊箚� 지상1층 109호,208972.490841898    ,446087.944327019    ,,138-934
필,까페,영업/정상,"서울특별시 송파구 오금로15길 4, 지하1층 (방이동)",서울특별시 송파구 방이동 71-14 지하1층 ,209597.293972335    ,445551.222389699    ,,138-829
Circle Coffee 써클커피,까페,영업/정상,"서울특별시 송파구 중대로25길 8, 지상1층 (오금동)",서울특별시 송파구 오금동 48-10 지상1층 ,211266.842525914    ,444578.554534791    ,,138-857
커리하우스하타,까페,영업/정상,"서울특별시 송파구 석촌호수로 268, 지상1층 113호 (송파동)",서울특별시 송파구 송파동 32-1 지상1층 113호,209276.661384383    ,445281.64560047     ,,138-849
신성,까페,영업/정상,"서울특별시 송파구 성내천로 263-1, 지하1층 (마천동)",서울특별시 송파구 마천동 354-1 지하1층 ,213577.168440986    ,443872.928209403    ,,138-821
커피앤톡,까페,영업/정상,"서울특별시 송파구 중대로23길 1-40, 1층 (가락동)",서울특별시 송파구 가락동 16-11 1층 ,211056.026040569    ,444216.325155375    ,,138-800
정원이있는국민책방,까페,영업/정상,"서울특별시 송파구 송파대로36길 5-13, 1층 102호 (송파동)",서울특별시 송파구 송파동 195-1 ,209860.738801805    ,444257.901451975    ,,138-854
자스민,까페,영업/정상,"서울특별시 송파구 올림픽로10길 35, 지상1층 (잠실동)",서울특별시 송파구 잠실동 201-3 지상1층 ,207157.496943353    ,445151.994299692    ,024214994,138-862
퍼앤펍,까페,영업/정상,"서울특별시 송파구 올림픽로12길 26, 지상1층 (잠실동)",서울특별시 송파구 잠실동 204-9 지상1층 ,207282.140090324    ,445232.906231439    ,024048879,138-862
앨리두번째이야기,까페,영업/정상,"서울특별시 송파구 올림픽로35길 10, B동 1층 113호,114호 (신천동, 파크리오)",서울특별시 송파구 신천동 20-6 파크리오 ,209933.823276344    ,446455.526715924    ,,138-240
林 Cafe & Bistro,까페,영업/정상,"서울특별시 송파구 동남로4길 7, 지상2층 (문정동)",서울특별시 송파구 문정동 29-27 지상2층 ,210898.339512569    ,443045.87159214     ,,138-825
SS BAR(바),까페,영업/정상,"서울특별시 송파구 송파대로28길 27, 101동 1층 122,123호 (가락동, 송파 성원상떼빌)",서울특별시 송파구 가락동 80 송파 성원상떼빌 ,210580.683290918    ,443657.71204579     ,024075562,138-803
백합,까페,영업/정상,"서울특별시 송파구 마천로 165 (오금동,지하1층)",서울특별시 송파구 오금동 125-7 지하1층 ,212102.129243585    ,444638.761492506    ,,138-858
유한회사 소정식당,까페,영업/정상,"서울특별시 송파구 양재대로 932, 가락동 농수산물도매시장 가락몰 3관 3층 002-1호 (가락동)",서울특별시 송파구 가락동 600 가락동 농수산물도매시장 ,209790.959909032    ,443481.212174317    ,024091327,138-881
문,까페,영업/정상,"서울특별시 송파구 올림픽로 240 (잠실동,(롯데쇼핑몰지하1층R-31))",서울특별시 송파구 잠실동 40-1 (롯데쇼핑몰지하1층R-31) ,208589.363343145    ,445455.90405262     ,024210650,138-915
김대기 커피스쿨,까페,영업/정상,"서울특별시 송파구 중대로10길 7-1, 지상1층 (가락동)",서울특별시 송파구 가락동 111-27 지상1층 ,210721.76           ,443454.83           ,,138-806
위드,까페,영업/정상,"서울특별시 송파구 중대로16길 5 (가락동,지상1층)",서울특별시 송파구 가락동 148-1 지상1층 ,211043.801577371    ,443808.466445811    ,,138-808
서울커피,까페,영업/정상,"서울특별시 송파구 마천로 240, 지하1층 (마천동)",서울특별시 송파구 마천동 32-2 지하1층 ,212664.976994997    ,444154.365848021    ,,138-817
BUTLER COFFEE LAB(버틀러 커피랩),까페,영업/정상,"서울특별시 송파구 송파대로36길 30, 지상1층 (송파동)",서울특별시 송파구 송파동 180-1 지상1층 ,210103.088177426    ,444333.531222984    ,,138-854
한양커피,까페,영업/정상,"서울특별시 송파구 마천로 137, 지하1층 (오금동)",서울특별시 송파구 오금동 78-4 지하1층 ,211857.886579278    ,444747.468566228    ,024028228,138-858
까페와나카(CAFE nz WANAKA),까페,영업/정상,"서울특별시 송파구 올림픽로 435, B상가동 1층 112-2호 (신천동, 파크리오)",서울특별시 송파구 신천동 17 파크리오 ,209314.259995755    ,446483.316079239    ,024202009,138-240
천수횟집,까페,영업/정상,"서울특별시 송파구 석촌호수로12길 10, 1층 (잠실동)",서울특별시 송파구 잠실동 207-15 ,207474.223087672    ,445228.149004406    ,,138-862
어쩌다 양식 포차,까페,영업/정상,"서울특별시 송파구 송파대로30길 41-25, 지상1층 (가락동)",서울특별시 송파구 가락동 74-6 지상1층 ,210596.541526848    ,443882.068448546    ,,138-802
엔피에스 카페테리아 카페 삼십육점오,까페,영업/정상,"서울특별시 송파구 올림픽로35다길 13, 지상1층 (신천동, 국민연금공단)",서울특별시 송파구 신천동 7-16 국민연금공단 지상1층 ,208851.007809422    ,445928.490511145    ,024152650,138-934
클리블랜드 사이클웍스,까페,영업/정상,"서울특별시 송파구 삼전로1길 2, 지상1층 (잠실동)",서울특별시 송파구 잠실동 340-8 지상1층 ,207520.723713452    ,444448.410066682    ,07041226126,138-867
카페 인디고(cafe indigo),까페,영업/정상,"서울특별시 송파구 백제고분로 501, 지하1층 16호 (방이동, 청호오피스텔)",서울특별시 송파구 방이동 51-2 청호오피스텔 지하1층 16호,210068.709244252    ,445895.515259907    ,,138-828
EM298,까페,영업/정상,"서울특별시 송파구 성내천로 298, 1층 (마천동)",서울특별시 송파구 마천동 288-6 지상1층 ,213666.735928493    ,443560.130556689    ,024066887,138-820
공차 롯데시네마 월드타워점,까페,영업/정상,"서울특별시 송파구 올림픽로 300, 엔터테인먼트동 7층 (신천동)",서울특별시 송파구 신천동 29 7층 엔터테인먼트동 ,209074.900840074    ,445657.80932984     ,0232133018,138-934
일공일 커피(101 coffee),까페,영업/정상,"서울특별시 송파구 오금로36길 48, 지상1층 101호 (가락동)",서울특별시 송파구 가락동 41-1 지상1층 101호,210796.576192498    ,444200.441100481    ,,138-801
수궁,까페,영업/정상,"서울특별시 송파구 마천로 235, 지하1층 (마천동)",서울특별시 송파구 마천동 25-2 지하1층 ,212662.557707894    ,444205.268871747    ,,138-817
발리,까페,영업/정상,"서울특별시 송파구 가락로 79 (석촌동,지하1층)",서울특별시 송파구 석촌동 272-6 지하1층 ,209227.814781101    ,444285.071773283    ,024189860,138-846
김삼 부대찌개,까페,영업/정상,"서울특별시 송파구 백제고분로42길 4-27, 지상1층 (송파동)",서울특별시 송파구 송파동 85-14 지상1층 ,209501.683335313    ,444771.981969322    ,02418896,138-850
한성,까페,영업/정상,"서울특별시 송파구 동남로 313, 지하1층 (오금동)",서울특별시 송파구 오금동 126-4 지하1층 ,212128.882991743    ,444585.171281878    ,,138-859
좋은날,까페,영업/정상,"서울특별시 송파구 가락로16길 4 (석촌동,지하1층)",서울특별시 송파구 석촌동 275-9 지하1층 ,209519.467010224    ,444307.446231655    ,,138-846
리얼허브,까페,영업/정상,"서울특별시 송파구 동남로4길 13, 지하1층,지상1,2층 (문정동)",서울특별시 송파구 문정동 30 ,210938.938647923    ,442986.680448912    ,024021118,138-825
커핀그루나루,까페,영업/정상,"서울특별시 송파구 석촌호수로 98, 지상1,2층 (잠실동)","서울특별시 송파구 잠실동 209-10 지상1,2층 ",207685.061425902    ,445096.14128138     ,024887016,138-862
돗꽈비 송파점,까페,영업/정상,"서울특별시 송파구 송이로23길 8, 1층 (가락동)",서울특별시 송파구 가락동 128-9 ,210932.613898518    ,443658.512850046    ,,138-807
푸른하늘(고전게임카페),까페,영업/정상,"서울특별시 송파구 송파대로 459, 지상2층 (석촌동)",서울특별시 송파구 석촌동 184-5 지상2층 ,209207.701465186    ,445000.005189662    ,,138-844
다인카페,까페,영업/정상,서울특별시 강동구 양재대로81길 26 (성내동),서울특별시 강동구 성내동 442-9 ,211671.585272165    ,446777.558590088    ,024844438,134-846
커피스미스 강동첨단단지점,까페,영업/정상,"서울특별시 강동구 상일로6길 39, 1층 (상일동)",서울특별시 강동구 상일동 502 ,215407.863928053    ,449741.67475999     ,024416740,134-090
느낌,까페,영업/정상,서울특별시 강동구 성안로 43 (성내동),서울특별시 강동구 성내동 434-12 ,211460.409539408    ,447280.12040965     ,024824449,134-884
미로,까페,영업/정상,서울특별시 강동구 천호대로 1138-10 (성내동),서울특별시 강동구 성내동 379-57 ,212085.954488126    ,447934.546045387    ,024780418,134-843
겟브레디(GET BREADY),까페,영업/정상,"서울특별시 강동구 양재대로85길 17, 1층 (성내동)",서울특별시 강동구 성내동 440-4 1층 ,211740.679000368    ,446914.416126274    ,024868812,134-846
Ondo,까페,영업/정상,"서울특별시 강동구 양재대로103길 40 (성내동, 성안빌딩 101호)",서울특별시 강동구 성내동 245-39 성안빌딩 101호,211936.504427747    ,447929.775980458    ,07088229561,134-843
까페 아스노바,까페,영업/정상,서울특별시 강동구 양재대로 1500 (길동),서울특별시 강동구 길동 366-13 104호,212413.203271547    ,448582.134957187    ,024706839,134-812
b612favori,까페,영업/정상,"서울특별시 강동구 구천면로 146-1 (천호동, 1층)",서울특별시 강동구 천호동 466-18 1층 ,210632.379243792    ,448880.999629513    ,,134-874
카페로드,까페,영업/정상,"서울특별시 강동구 진황도로 103, 1층 (길동)",서울특별시 강동구 길동 413-13 1층 ,212117.206942934    ,448171.400384865    ,,134-814
대벌호프,까페,영업/정상,서울특별시 강동구 천호옛길 55 (성내동),서울특별시 강동구 성내동 118-36 ,210858.052629348    ,448000.314406018    ,0204791906,134-841
완자네콩가게,까페,영업/정상,"서울특별시 강동구 양재대로116길 15, 1층 (길동)",서울특별시 강동구 길동 364-33 1층 ,212426.859685316    ,448492.279268951    ,,134-812
카페포텐셜,까페,영업/정상,서울특별시 강동구 양재대로136길 44 (명일동),서울특별시 강동구 명일동 338-13 ,212841.756444317    ,449568.991438661    ,07086324410,134-830
윌리엄커피,까페,영업/정상,서울특별시 강동구 풍성로 92 (성내동),서울특별시 강동구 성내동 111-6 ,210748.16254024     ,447821.695908669    ,024724164,134-883
바리스타곰,까페,영업/정상,서울특별시 강동구 상일로5길 11 (상일동),서울특별시 강동구 상일동 284-3 ,215166.156476429    ,449641.233150356    ,024260065,134-837
로얄커피숍,까페,영업/정상,서울특별시 강동구 천호옛길 65 (성내동),서울특별시 강동구 성내동 132-5 지하1층 ,210910.016545262    ,448080.228401587    ,024713388,134-841
커피향기,까페,영업/정상,서울특별시 강동구 올림픽로62길 40 (성내동),서울특별시 강동구 성내동 41-5 ,210984.019285072    ,448237.350510987    ,024759888,134-840
사미반점 천호로데오점,까페,영업/정상,서울특별시 강동구 천호대로157길 7 (천호동),서울특별시 강동구 천호동 454-49 ,211118.490790379    ,448458.134462792    ,024838868,134-874
발리,까페,영업/정상,"서울특별시 강동구 진황도로 166-1, 1층 (둔촌동)",서울특별시 강동구 둔촌동 454-4 ,212477.816184282    ,447682.353533139    ,,134-822
